2025-09-06 00:35:51 Called: https://sdrivesapp.com/api/rides/active-driver
2025-09-06 00:35:52 Called: https://sdrivesapp.com/api/rides/cancel
2025-09-06 00:35:52 Called: https://sdrivesapp.com/api/captain/rides/accepted
2025-09-06 00:35:52 Called: https://sdrivesapp.com/api/driver/near/by/ride
2025-09-06 00:35:54 Called: https://sdrivesapp.com/api/rides/active-driver
2025-09-06 00:35:55 Called: https://sdrivesapp.com/api/rides/cancel
2025-09-06 00:35:55 Called: https://sdrivesapp.com/api/captain/rides/accepted
2025-09-06 00:35:55 Called: https://sdrivesapp.com/api/driver/near/by/ride
2025-09-06 00:35:57 Called: https://sdrivesapp.com/api/rides/active-driver
2025-09-06 00:35:58 Called: https://sdrivesapp.com/api/rides/cancel
2025-09-06 00:35:58 Called: https://sdrivesapp.com/api/captain/rides/accepted
2025-09-06 00:35:58 Called: https://sdrivesapp.com/api/driver/near/by/ride
2025-09-06 00:36:00 Called: https://sdrivesapp.com/api/rides/active-driver
2025-09-06 00:36:01 Called: https://sdrivesapp.com/api/rides/cancel
2025-09-06 00:36:01 Called: https://sdrivesapp.com/api/captain/rides/accepted
2025-09-06 00:36:02 Called: https://sdrivesapp.com/api/driver/near/by/ride
2025-09-06 00:36:04 Called: https://sdrivesapp.com/api/rides/active-driver
2025-09-06 00:36:05 Called: https://sdrivesapp.com/api/rides/cancel
2025-09-06 00:36:05 Called: https://sdrivesapp.com/api/captain/rides/accepted
2025-09-06 00:36:05 Called: https://sdrivesapp.com/api/driver/near/by/ride
2025-09-06 00:36:07 Called: https://sdrivesapp.com/api/rides/active-driver
2025-09-06 00:36:08 Called: https://sdrivesapp.com/api/rides/cancel
2025-09-06 00:36:08 Called: https://sdrivesapp.com/api/captain/rides/accepted
2025-09-06 00:36:09 Called: https://sdrivesapp.com/api/driver/near/by/ride
2025-09-06 00:36:11 Called: https://sdrivesapp.com/api/rides/active-driver
2025-09-06 00:36:11 Called: https://sdrivesapp.com/api/rides/cancel
2025-09-06 00:36:11 Called: https://sdrivesapp.com/api/captain/rides/accepted
2025-09-06 00:36:12 Called: https://sdrivesapp.com/api/driver/near/by/ride
2025-09-06 00:36:14 Called: https://sdrivesapp.com/api/rides/active-driver
2025-09-06 00:36:15 Called: https://sdrivesapp.com/api/rides/cancel
2025-09-06 00:36:15 Called: https://sdrivesapp.com/api/captain/rides/accepted
2025-09-06 00:36:15 Called: https://sdrivesapp.com/api/driver/near/by/ride
2025-09-06 00:36:17 Called: https://sdrivesapp.com/api/rides/active-driver
2025-09-06 00:36:18 Called: https://sdrivesapp.com/api/rides/cancel
2025-09-06 00:36:18 Called: https://sdrivesapp.com/api/captain/rides/accepted
2025-09-06 00:36:19 Called: https://sdrivesapp.com/api/driver/near/by/ride
2025-09-06 00:36:20 Called: https://sdrivesapp.com/api/rides/active-driver
2025-09-06 00:36:21 Called: https://sdrivesapp.com/api/rides/cancel
2025-09-06 00:36:21 Called: https://sdrivesapp.com/api/captain/rides/accepted
2025-09-06 00:36:22 Called: https://sdrivesapp.com/api/driver/near/by/ride
2025-09-06 00:36:23 Called: https://sdrivesapp.com/api/rides/active-driver
2025-09-06 00:36:24 Called: https://sdrivesapp.com/api/rides/cancel
2025-09-06 00:36:24 Called: https://sdrivesapp.com/api/captain/rides/accepted
2025-09-06 00:36:25 Called: https://sdrivesapp.com/api/driver/near/by/ride
2025-09-06 00:36:26 Called: https://sdrivesapp.com/api/rides/active-driver
2025-09-06 00:36:27 Called: https://sdrivesapp.com/api/rides/cancel
2025-09-06 00:36:27 Called: https://sdrivesapp.com/api/captain/rides/accepted
2025-09-06 00:36:28 Called: https://sdrivesapp.com/api/driver/near/by/ride
2025-09-06 00:36:30 Called: https://sdrivesapp.com/api/rides/active-driver
2025-09-06 00:36:30 Called: https://sdrivesapp.com/api/rides/cancel
2025-09-06 00:36:30 Called: https://sdrivesapp.com/api/captain/rides/accepted
2025-09-06 00:36:31 Called: https://sdrivesapp.com/api/driver/near/by/ride
2025-09-06 00:36:33 Called: https://sdrivesapp.com/api/rides/active-driver
2025-09-06 00:36:33 Called: https://sdrivesapp.com/api/rides/cancel
2025-09-06 00:36:33 Called: https://sdrivesapp.com/api/captain/rides/accepted
2025-09-06 00:36:34 Called: https://sdrivesapp.com/api/driver/near/by/ride
2025-09-06 00:36:36 Called: https://sdrivesapp.com/api/rides/active-driver
2025-09-06 00:36:37 Called: https://sdrivesapp.com/api/rides/cancel
2025-09-06 00:36:37 Called: https://sdrivesapp.com/api/captain/rides/accepted
2025-09-06 00:36:37 Called: https://sdrivesapp.com/api/driver/near/by/ride
2025-09-06 00:36:39 Called: https://sdrivesapp.com/api/rides/active-driver
2025-09-06 00:36:40 Called: https://sdrivesapp.com/api/rides/cancel
2025-09-06 00:36:40 Called: https://sdrivesapp.com/api/captain/rides/accepted
2025-09-06 00:36:40 Called: https://sdrivesapp.com/api/driver/near/by/ride
2025-09-06 00:36:42 Called: https://sdrivesapp.com/api/rides/active-driver
2025-09-06 00:36:43 Called: https://sdrivesapp.com/api/rides/cancel
2025-09-06 00:36:43 Called: https://sdrivesapp.com/api/captain/rides/accepted
2025-09-06 00:36:43 Called: https://sdrivesapp.com/api/driver/near/by/ride
2025-09-06 00:36:45 Called: https://sdrivesapp.com/api/rides/active-driver
2025-09-06 00:36:46 Called: https://sdrivesapp.com/api/rides/cancel
2025-09-06 00:36:46 Called: https://sdrivesapp.com/api/captain/rides/accepted
2025-09-06 00:36:47 Called: https://sdrivesapp.com/api/driver/near/by/ride
2025-09-06 00:36:48 Called: https://sdrivesapp.com/api/rides/active-driver
2025-09-06 00:36:49 Called: https://sdrivesapp.com/api/rides/cancel
2025-09-06 00:36:49 Called: https://sdrivesapp.com/api/captain/rides/accepted
2025-09-06 00:36:50 Called: https://sdrivesapp.com/api/driver/near/by/ride
2025-09-06 00:36:52 Called: https://sdrivesapp.com/api/rides/active-driver
2025-09-06 00:36:52 Called: https://sdrivesapp.com/api/rides/cancel
2025-09-06 00:36:52 Called: https://sdrivesapp.com/api/captain/rides/accepted
2025-09-06 00:36:53 Called: https://sdrivesapp.com/api/driver/near/by/ride
2025-09-06 00:36:55 Called: https://sdrivesapp.com/api/rides/active-driver
2025-09-06 00:36:55 Called: https://sdrivesapp.com/api/rides/cancel
2025-09-06 00:36:55 Called: https://sdrivesapp.com/api/captain/rides/accepted
2025-09-06 00:36:56 Called: https://sdrivesapp.com/api/driver/near/by/ride
2025-09-06 00:36:58 Called: https://sdrivesapp.com/api/rides/active-driver
2025-09-06 00:36:58 Called: https://sdrivesapp.com/api/rides/cancel
2025-09-06 00:36:58 Called: https://sdrivesapp.com/api/captain/rides/accepted
2025-09-06 00:36:59 Called: https://sdrivesapp.com/api/driver/near/by/ride
2025-09-06 00:37:01 Called: https://sdrivesapp.com/api/rides/active-driver
2025-09-06 00:37:01 Called: https://sdrivesapp.com/api/rides/cancel
2025-09-06 00:37:01 Called: https://sdrivesapp.com/api/captain/rides/accepted
2025-09-06 00:37:02 Called: https://sdrivesapp.com/api/driver/near/by/ride
2025-09-06 00:37:04 Called: https://sdrivesapp.com/api/rides/active-driver
2025-09-06 00:37:05 Called: https://sdrivesapp.com/api/rides/cancel
2025-09-06 00:37:05 Called: https://sdrivesapp.com/api/captain/rides/accepted
2025-09-06 00:37:05 Called: https://sdrivesapp.com/api/driver/near/by/ride
2025-09-06 00:37:07 Called: https://sdrivesapp.com/api/rides/active-driver
2025-09-06 00:37:08 Called: https://sdrivesapp.com/api/rides/cancel
2025-09-06 00:37:08 Called: https://sdrivesapp.com/api/captain/rides/accepted
2025-09-06 00:37:08 Called: https://sdrivesapp.com/api/driver/near/by/ride
2025-09-06 00:37:10 Called: https://sdrivesapp.com/api/rides/active-driver
2025-09-06 00:37:11 Called: https://sdrivesapp.com/api/rides/cancel
2025-09-06 00:37:11 Called: https://sdrivesapp.com/api/captain/rides/accepted
2025-09-06 00:37:12 Called: https://sdrivesapp.com/api/driver/near/by/ride
2025-09-06 00:37:14 Called: https://sdrivesapp.com/api/rides/active-driver
2025-09-06 00:37:14 Called: https://sdrivesapp.com/api/rides/cancel
2025-09-06 00:37:14 Called: https://sdrivesapp.com/api/captain/rides/accepted
2025-09-06 00:37:15 Called: https://sdrivesapp.com/api/driver/near/by/ride
2025-09-06 00:37:17 Called: https://sdrivesapp.com/api/rides/active-driver
2025-09-06 00:37:18 Called: https://sdrivesapp.com/api/rides/cancel
2025-09-06 00:37:18 Called: https://sdrivesapp.com/api/captain/rides/accepted
2025-09-06 00:37:18 Called: https://sdrivesapp.com/api/driver/near/by/ride
2025-09-06 00:37:20 Called: https://sdrivesapp.com/api/rides/active-driver
2025-09-06 00:37:21 Called: https://sdrivesapp.com/api/rides/cancel
2025-09-06 00:37:21 Called: https://sdrivesapp.com/api/captain/rides/accepted
2025-09-06 00:37:22 Called: https://sdrivesapp.com/api/driver/near/by/ride
2025-09-06 00:37:24 Called: https://sdrivesapp.com/api/rides/active-driver
2025-09-06 00:37:24 Called: https://sdrivesapp.com/api/rides/cancel
2025-09-06 00:37:24 Called: https://sdrivesapp.com/api/captain/rides/accepted
2025-09-06 00:37:25 Called: https://sdrivesapp.com/api/driver/near/by/ride
2025-09-06 00:37:27 Called: https://sdrivesapp.com/api/rides/active-driver
2025-09-06 00:37:28 Called: https://sdrivesapp.com/api/rides/cancel
2025-09-06 00:37:28 Called: https://sdrivesapp.com/api/captain/rides/accepted
2025-09-06 00:37:29 Called: https://sdrivesapp.com/api/driver/near/by/ride
2025-09-06 00:37:30 Called: https://sdrivesapp.com/api/rides/active-driver
2025-09-06 00:37:31 Called: https://sdrivesapp.com/api/rides/cancel
2025-09-06 00:37:31 Called: https://sdrivesapp.com/api/captain/rides/accepted
2025-09-06 00:37:32 Called: https://sdrivesapp.com/api/driver/near/by/ride
2025-09-06 00:37:34 Called: https://sdrivesapp.com/api/rides/active-driver
2025-09-06 00:37:35 Called: https://sdrivesapp.com/api/rides/cancel
2025-09-06 00:37:35 Called: https://sdrivesapp.com/api/captain/rides/accepted
2025-09-06 00:37:35 Called: https://sdrivesapp.com/api/driver/near/by/ride
2025-09-06 00:37:37 Called: https://sdrivesapp.com/api/rides/active-driver
2025-09-06 00:37:38 Called: https://sdrivesapp.com/api/rides/cancel
2025-09-06 00:37:38 Called: https://sdrivesapp.com/api/captain/rides/accepted
2025-09-06 00:37:39 Called: https://sdrivesapp.com/api/driver/near/by/ride
2025-09-06 00:37:41 Called: https://sdrivesapp.com/api/rides/active-driver
2025-09-06 00:37:42 Called: https://sdrivesapp.com/api/rides/cancel
2025-09-06 00:37:42 Called: https://sdrivesapp.com/api/captain/rides/accepted
2025-09-06 00:37:42 Called: https://sdrivesapp.com/api/driver/near/by/ride
2025-09-06 00:37:44 Called: https://sdrivesapp.com/api/rides/active-driver
2025-09-06 00:37:45 Called: https://sdrivesapp.com/api/rides/cancel
2025-09-06 00:37:45 Called: https://sdrivesapp.com/api/captain/rides/accepted
2025-09-06 00:37:46 Called: https://sdrivesapp.com/api/driver/near/by/ride
2025-09-06 00:37:48 Called: https://sdrivesapp.com/api/rides/active-driver
2025-09-06 00:37:48 Called: https://sdrivesapp.com/api/rides/cancel
2025-09-06 00:37:48 Called: https://sdrivesapp.com/api/captain/rides/accepted
2025-09-06 00:37:49 Called: https://sdrivesapp.com/api/driver/near/by/ride
2025-09-06 00:37:51 Called: https://sdrivesapp.com/api/rides/active-driver
2025-09-06 00:37:52 Called: https://sdrivesapp.com/api/rides/cancel
2025-09-06 00:37:52 Called: https://sdrivesapp.com/api/captain/rides/accepted
2025-09-06 00:37:52 Called: https://sdrivesapp.com/api/driver/near/by/ride
2025-09-06 00:37:54 Called: https://sdrivesapp.com/api/rides/active-driver
2025-09-06 00:37:55 Called: https://sdrivesapp.com/api/rides/cancel
2025-09-06 00:37:55 Called: https://sdrivesapp.com/api/captain/rides/accepted
2025-09-06 00:37:56 Called: https://sdrivesapp.com/api/driver/near/by/ride
2025-09-06 00:37:58 Called: https://sdrivesapp.com/api/rides/active-driver
2025-09-06 00:37:58 Called: https://sdrivesapp.com/api/rides/cancel
2025-09-06 00:37:58 Called: https://sdrivesapp.com/api/captain/rides/accepted
2025-09-06 00:37:59 Called: https://sdrivesapp.com/api/driver/near/by/ride
2025-09-06 00:38:01 Called: https://sdrivesapp.com/api/rides/active-driver
2025-09-06 00:38:02 Called: https://sdrivesapp.com/api/rides/cancel
2025-09-06 00:38:02 Called: https://sdrivesapp.com/api/captain/rides/accepted
2025-09-06 00:38:03 Called: https://sdrivesapp.com/api/driver/near/by/ride
2025-09-06 00:38:04 Called: https://sdrivesapp.com/api/rides/active-driver
2025-09-06 00:38:05 Called: https://sdrivesapp.com/api/rides/cancel
2025-09-06 00:38:05 Called: https://sdrivesapp.com/api/captain/rides/accepted
2025-09-06 00:38:06 Called: https://sdrivesapp.com/api/driver/near/by/ride
2025-09-06 01:06:44 Called: https://sdrivesapp.com/api/rides/active-driver
2025-09-06 01:06:45 Called: https://sdrivesapp.com/api/rides/cancel
2025-09-06 01:06:45 Called: https://sdrivesapp.com/api/captain/rides/accepted
2025-09-06 01:06:46 Called: https://sdrivesapp.com/api/driver/near/by/ride
2025-09-06 01:06:47 Called: https://sdrivesapp.com/api/rides/active-driver
2025-09-06 01:06:48 Called: https://sdrivesapp.com/api/rides/cancel
2025-09-06 01:06:48 Called: https://sdrivesapp.com/api/captain/rides/accepted
2025-09-06 01:06:49 Called: https://sdrivesapp.com/api/driver/near/by/ride
2025-09-06 01:06:51 Called: https://sdrivesapp.com/api/rides/active-driver
2025-09-06 01:06:51 Called: https://sdrivesapp.com/api/rides/cancel
2025-09-06 01:06:51 Called: https://sdrivesapp.com/api/captain/rides/accepted
2025-09-06 01:06:52 Called: https://sdrivesapp.com/api/driver/near/by/ride
2025-09-06 01:06:54 Called: https://sdrivesapp.com/api/rides/active-driver
2025-09-06 01:06:54 Called: https://sdrivesapp.com/api/rides/cancel
2025-09-06 01:06:54 Called: https://sdrivesapp.com/api/captain/rides/accepted
2025-09-06 01:06:55 Called: https://sdrivesapp.com/api/driver/near/by/ride
2025-09-06 01:06:57 Called: https://sdrivesapp.com/api/rides/active-driver
2025-09-06 01:06:57 Called: https://sdrivesapp.com/api/rides/cancel
2025-09-06 01:06:57 Called: https://sdrivesapp.com/api/captain/rides/accepted
2025-09-06 01:06:58 Called: https://sdrivesapp.com/api/driver/near/by/ride
2025-09-06 01:07:00 Called: https://sdrivesapp.com/api/rides/active-driver
2025-09-06 01:07:00 Called: https://sdrivesapp.com/api/rides/cancel
2025-09-06 01:07:01 Called: https://sdrivesapp.com/api/captain/rides/accepted
2025-09-06 01:07:01 Called: https://sdrivesapp.com/api/driver/near/by/ride
2025-09-06 01:07:03 Called: https://sdrivesapp.com/api/rides/active-driver
2025-09-06 01:07:04 Called: https://sdrivesapp.com/api/rides/cancel
2025-09-06 01:07:04 Called: https://sdrivesapp.com/api/captain/rides/accepted
2025-09-06 01:07:04 Called: https://sdrivesapp.com/api/driver/near/by/ride
2025-09-06 01:07:07 Called: https://sdrivesapp.com/api/rides/active-driver
2025-09-06 01:07:07 Called: https://sdrivesapp.com/api/rides/cancel
2025-09-06 01:07:07 Called: https://sdrivesapp.com/api/captain/rides/accepted
2025-09-06 01:07:08 Called: https://sdrivesapp.com/api/driver/near/by/ride
2025-09-06 01:07:10 Called: https://sdrivesapp.com/api/rides/active-driver
2025-09-06 01:07:10 Called: https://sdrivesapp.com/api/rides/cancel
2025-09-06 01:07:10 Called: https://sdrivesapp.com/api/captain/rides/accepted
2025-09-06 01:07:11 Called: https://sdrivesapp.com/api/driver/near/by/ride
2025-09-06 01:07:13 Called: https://sdrivesapp.com/api/rides/active-driver
2025-09-06 01:07:13 Called: https://sdrivesapp.com/api/rides/cancel
2025-09-06 01:07:13 Called: https://sdrivesapp.com/api/captain/rides/accepted
2025-09-06 01:07:14 Called: https://sdrivesapp.com/api/driver/near/by/ride
2025-09-06 01:07:16 Called: https://sdrivesapp.com/api/rides/active-driver
2025-09-06 01:07:16 Called: https://sdrivesapp.com/api/rides/cancel
2025-09-06 01:07:16 Called: https://sdrivesapp.com/api/captain/rides/accepted
2025-09-06 01:07:17 Called: https://sdrivesapp.com/api/driver/near/by/ride
2025-09-06 01:07:19 Called: https://sdrivesapp.com/api/rides/active-driver
2025-09-06 01:07:19 Called: https://sdrivesapp.com/api/rides/cancel
2025-09-06 01:07:19 Called: https://sdrivesapp.com/api/captain/rides/accepted
2025-09-06 01:07:20 Called: https://sdrivesapp.com/api/driver/near/by/ride
2025-09-06 01:07:22 Called: https://sdrivesapp.com/api/rides/active-driver
2025-09-06 01:07:22 Called: https://sdrivesapp.com/api/rides/cancel
2025-09-06 01:07:22 Called: https://sdrivesapp.com/api/captain/rides/accepted
2025-09-06 01:07:23 Called: https://sdrivesapp.com/api/driver/near/by/ride
2025-09-06 01:07:25 Called: https://sdrivesapp.com/api/rides/active-driver
2025-09-06 01:07:26 Called: https://sdrivesapp.com/api/rides/cancel
2025-09-06 01:07:26 Called: https://sdrivesapp.com/api/captain/rides/accepted
2025-09-06 01:07:27 Called: https://sdrivesapp.com/api/driver/near/by/ride
2025-09-06 01:07:28 Called: https://sdrivesapp.com/api/rides/active-driver
2025-09-06 01:07:29 Called: https://sdrivesapp.com/api/rides/cancel
2025-09-06 01:07:29 Called: https://sdrivesapp.com/api/captain/rides/accepted
2025-09-06 01:07:30 Called: https://sdrivesapp.com/api/driver/near/by/ride
2025-09-06 01:07:31 Called: https://sdrivesapp.com/api/rides/active-driver
2025-09-06 01:07:32 Called: https://sdrivesapp.com/api/rides/cancel
2025-09-06 01:07:32 Called: https://sdrivesapp.com/api/captain/rides/accepted
2025-09-06 01:07:33 Called: https://sdrivesapp.com/api/driver/near/by/ride
2025-09-06 01:07:34 Called: https://sdrivesapp.com/api/rides/active-driver
2025-09-06 01:07:35 Called: https://sdrivesapp.com/api/rides/cancel
2025-09-06 01:07:35 Called: https://sdrivesapp.com/api/captain/rides/accepted
2025-09-06 01:07:36 Called: https://sdrivesapp.com/api/driver/near/by/ride
2025-09-06 01:07:38 Called: https://sdrivesapp.com/api/rides/active-driver
2025-09-06 01:07:38 Called: https://sdrivesapp.com/api/rides/cancel
2025-09-06 01:07:38 Called: https://sdrivesapp.com/api/captain/rides/accepted
2025-09-06 01:07:39 Called: https://sdrivesapp.com/api/driver/near/by/ride
2025-09-06 01:07:41 Called: https://sdrivesapp.com/api/rides/active-driver
2025-09-06 01:07:42 Called: https://sdrivesapp.com/api/rides/cancel
2025-09-06 01:07:42 Called: https://sdrivesapp.com/api/captain/rides/accepted
2025-09-06 01:07:43 Called: https://sdrivesapp.com/api/driver/near/by/ride
2025-09-06 01:07:45 Called: https://sdrivesapp.com/api/rides/active-driver
2025-09-06 01:07:46 Called: https://sdrivesapp.com/api/rides/cancel
2025-09-06 01:07:46 Called: https://sdrivesapp.com/api/captain/rides/accepted
2025-09-06 01:07:46 Called: https://sdrivesapp.com/api/driver/near/by/ride
2025-09-06 01:07:48 Called: https://sdrivesapp.com/api/rides/active-driver
2025-09-06 01:07:49 Called: https://sdrivesapp.com/api/rides/cancel
2025-09-06 01:07:49 Called: https://sdrivesapp.com/api/captain/rides/accepted
2025-09-06 01:07:49 Called: https://sdrivesapp.com/api/driver/near/by/ride
2025-09-06 01:07:51 Called: https://sdrivesapp.com/api/rides/active-driver
2025-09-06 01:07:52 Called: https://sdrivesapp.com/api/rides/cancel
2025-09-06 01:07:52 Called: https://sdrivesapp.com/api/captain/rides/accepted
2025-09-06 01:07:53 Called: https://sdrivesapp.com/api/driver/near/by/ride
2025-09-06 01:07:55 Called: https://sdrivesapp.com/api/rides/active-driver
2025-09-06 01:07:55 Called: https://sdrivesapp.com/api/rides/cancel
2025-09-06 01:07:55 Called: https://sdrivesapp.com/api/captain/rides/accepted
2025-09-06 01:07:56 Called: https://sdrivesapp.com/api/driver/near/by/ride
2025-09-06 01:07:58 Called: https://sdrivesapp.com/api/rides/active-driver
2025-09-06 01:07:59 Called: https://sdrivesapp.com/api/rides/cancel
2025-09-06 01:07:59 Called: https://sdrivesapp.com/api/captain/rides/accepted
2025-09-06 01:07:59 Called: https://sdrivesapp.com/api/driver/near/by/ride
2025-09-06 01:08:01 Called: https://sdrivesapp.com/api/rides/active-driver
2025-09-06 01:08:02 Called: https://sdrivesapp.com/api/rides/cancel
2025-09-06 01:08:02 Called: https://sdrivesapp.com/api/captain/rides/accepted
2025-09-06 01:08:03 Called: https://sdrivesapp.com/api/driver/near/by/ride
2025-09-06 01:08:05 Called: https://sdrivesapp.com/api/rides/active-driver
2025-09-06 01:08:06 Called: https://sdrivesapp.com/api/rides/cancel
2025-09-06 01:08:06 Called: https://sdrivesapp.com/api/captain/rides/accepted
2025-09-06 01:08:07 Called: https://sdrivesapp.com/api/driver/near/by/ride
2025-09-06 01:08:08 Called: https://sdrivesapp.com/api/rides/active-driver
2025-09-06 01:08:09 Called: https://sdrivesapp.com/api/rides/cancel
2025-09-06 01:08:09 Called: https://sdrivesapp.com/api/captain/rides/accepted
2025-09-06 01:08:10 Called: https://sdrivesapp.com/api/driver/near/by/ride
2025-09-06 01:08:12 Called: https://sdrivesapp.com/api/rides/active-driver
2025-09-06 01:08:13 Called: https://sdrivesapp.com/api/rides/cancel
2025-09-06 01:08:13 Called: https://sdrivesapp.com/api/captain/rides/accepted
2025-09-06 01:08:14 Called: https://sdrivesapp.com/api/driver/near/by/ride
2025-09-06 01:08:16 Called: https://sdrivesapp.com/api/rides/active-driver
2025-09-06 01:08:17 Called: https://sdrivesapp.com/api/rides/cancel
2025-09-06 01:08:17 Called: https://sdrivesapp.com/api/captain/rides/accepted
2025-09-06 01:08:18 Called: https://sdrivesapp.com/api/driver/near/by/ride
2025-09-06 01:08:20 Called: https://sdrivesapp.com/api/rides/active-driver
2025-09-06 01:08:21 Called: https://sdrivesapp.com/api/rides/cancel
2025-09-06 01:08:21 Called: https://sdrivesapp.com/api/captain/rides/accepted
2025-09-06 01:08:22 Called: https://sdrivesapp.com/api/driver/near/by/ride
2025-09-06 01:08:24 Called: https://sdrivesapp.com/api/rides/active-driver
2025-09-06 01:08:25 Called: https://sdrivesapp.com/api/rides/cancel
2025-09-06 01:08:25 Called: https://sdrivesapp.com/api/captain/rides/accepted
2025-09-06 01:08:26 Called: https://sdrivesapp.com/api/driver/near/by/ride
2025-09-06 01:08:28 Called: https://sdrivesapp.com/api/rides/active-driver
2025-09-06 01:08:28 Called: https://sdrivesapp.com/api/rides/cancel
2025-09-06 01:08:29 Called: https://sdrivesapp.com/api/captain/rides/accepted
2025-09-06 01:08:30 Called: https://sdrivesapp.com/api/driver/near/by/ride
2025-09-06 01:08:31 Called: https://sdrivesapp.com/api/rides/active-driver
2025-09-06 01:08:32 Called: https://sdrivesapp.com/api/rides/cancel
2025-09-06 01:08:32 Called: https://sdrivesapp.com/api/captain/rides/accepted
2025-09-06 01:08:33 Called: https://sdrivesapp.com/api/driver/near/by/ride
2025-09-06 01:08:35 Called: https://sdrivesapp.com/api/rides/active-driver
2025-09-06 01:08:36 Called: https://sdrivesapp.com/api/rides/cancel
2025-09-06 01:08:36 Called: https://sdrivesapp.com/api/captain/rides/accepted
2025-09-06 01:08:36 Called: https://sdrivesapp.com/api/driver/near/by/ride
2025-09-06 01:08:38 Called: https://sdrivesapp.com/api/rides/active-driver
2025-09-06 01:08:39 Called: https://sdrivesapp.com/api/rides/cancel
2025-09-06 01:08:39 Called: https://sdrivesapp.com/api/captain/rides/accepted
2025-09-06 01:08:40 Called: https://sdrivesapp.com/api/driver/near/by/ride
2025-09-06 01:08:42 Called: https://sdrivesapp.com/api/rides/active-driver
2025-09-06 01:08:42 Called: https://sdrivesapp.com/api/rides/cancel
2025-09-06 01:08:42 Called: https://sdrivesapp.com/api/captain/rides/accepted
2025-09-06 01:08:43 Called: https://sdrivesapp.com/api/driver/near/by/ride
2025-09-06 01:08:45 Called: https://sdrivesapp.com/api/rides/active-driver
2025-09-06 01:08:46 Called: https://sdrivesapp.com/api/rides/cancel
2025-09-06 01:08:46 Called: https://sdrivesapp.com/api/captain/rides/accepted
2025-09-06 01:08:47 Called: https://sdrivesapp.com/api/driver/near/by/ride
2025-09-06 01:08:49 Called: https://sdrivesapp.com/api/rides/active-driver
2025-09-06 01:08:50 Called: https://sdrivesapp.com/api/rides/cancel
2025-09-06 01:08:50 Called: https://sdrivesapp.com/api/captain/rides/accepted
2025-09-06 01:08:50 Called: https://sdrivesapp.com/api/driver/near/by/ride
2025-09-06 01:08:52 Called: https://sdrivesapp.com/api/rides/active-driver
2025-09-06 01:08:53 Called: https://sdrivesapp.com/api/rides/cancel
2025-09-06 01:08:53 Called: https://sdrivesapp.com/api/captain/rides/accepted
2025-09-06 01:08:54 Called: https://sdrivesapp.com/api/driver/near/by/ride
2025-09-06 01:08:55 Called: https://sdrivesapp.com/api/rides/active-driver
2025-09-06 01:08:56 Called: https://sdrivesapp.com/api/rides/cancel
2025-09-06 01:08:56 Called: https://sdrivesapp.com/api/captain/rides/accepted
2025-09-06 01:08:57 Called: https://sdrivesapp.com/api/driver/near/by/ride
2025-09-06 01:08:59 Called: https://sdrivesapp.com/api/rides/active-driver
2025-09-06 01:09:00 Called: https://sdrivesapp.com/api/rides/cancel
2025-09-06 01:09:00 Called: https://sdrivesapp.com/api/captain/rides/accepted
2025-09-06 01:09:00 Called: https://sdrivesapp.com/api/driver/near/by/ride
2025-09-06 01:09:02 Called: https://sdrivesapp.com/api/rides/active-driver
2025-09-06 01:09:03 Called: https://sdrivesapp.com/api/rides/cancel
2025-09-06 01:09:03 Called: https://sdrivesapp.com/api/captain/rides/accepted
2025-09-06 01:09:04 Called: https://sdrivesapp.com/api/driver/near/by/ride
2025-09-06 01:09:06 Called: https://sdrivesapp.com/api/rides/active-driver
2025-09-06 01:09:06 Called: https://sdrivesapp.com/api/rides/cancel
2025-09-06 01:09:06 Called: https://sdrivesapp.com/api/captain/rides/accepted
2025-09-06 01:09:07 Called: https://sdrivesapp.com/api/driver/near/by/ride
2025-09-06 01:09:09 Called: https://sdrivesapp.com/api/rides/active-driver
2025-09-06 01:09:10 Called: https://sdrivesapp.com/api/rides/cancel
2025-09-06 01:09:10 Called: https://sdrivesapp.com/api/captain/rides/accepted
2025-09-06 01:09:11 Called: https://sdrivesapp.com/api/driver/near/by/ride
2025-09-06 01:09:13 Called: https://sdrivesapp.com/api/rides/active-driver
2025-09-06 01:09:13 Called: https://sdrivesapp.com/api/rides/cancel
2025-09-06 01:09:13 Called: https://sdrivesapp.com/api/captain/rides/accepted
2025-09-06 01:09:14 Called: https://sdrivesapp.com/api/driver/near/by/ride
2025-09-06 01:09:16 Called: https://sdrivesapp.com/api/rides/active-driver
2025-09-06 01:09:17 Called: https://sdrivesapp.com/api/rides/cancel
2025-09-06 01:09:17 Called: https://sdrivesapp.com/api/captain/rides/accepted
2025-09-06 01:09:18 Called: https://sdrivesapp.com/api/driver/near/by/ride
2025-09-06 01:09:19 Called: https://sdrivesapp.com/api/rides/active-driver
2025-09-06 01:24:56 Called: https://sdrivesapp.com/api/rides/active-driver
2025-09-06 01:24:57 Called: https://sdrivesapp.com/api/rides/cancel
2025-09-06 01:24:57 Called: https://sdrivesapp.com/api/captain/rides/accepted
2025-09-06 01:24:58 Called: https://sdrivesapp.com/api/driver/near/by/ride
2025-09-06 01:24:59 Called: https://sdrivesapp.com/api/rides/active-driver
2025-09-06 01:25:00 Called: https://sdrivesapp.com/api/rides/cancel
2025-09-06 01:25:00 Called: https://sdrivesapp.com/api/captain/rides/accepted
2025-09-06 01:25:01 Called: https://sdrivesapp.com/api/driver/near/by/ride
2025-09-06 01:25:03 Called: https://sdrivesapp.com/api/rides/active-driver
2025-09-06 01:25:03 Called: https://sdrivesapp.com/api/rides/cancel
2025-09-06 01:25:03 Called: https://sdrivesapp.com/api/captain/rides/accepted
2025-09-06 01:25:04 Called: https://sdrivesapp.com/api/driver/near/by/ride
2025-09-06 01:25:06 Called: https://sdrivesapp.com/api/rides/active-driver
2025-09-06 01:25:06 Called: https://sdrivesapp.com/api/rides/cancel
2025-09-06 01:25:06 Called: https://sdrivesapp.com/api/captain/rides/accepted
2025-09-06 01:25:07 Called: https://sdrivesapp.com/api/driver/near/by/ride
2025-09-06 01:25:09 Called: https://sdrivesapp.com/api/rides/active-driver
2025-09-06 01:25:10 Called: https://sdrivesapp.com/api/rides/cancel
2025-09-06 01:25:10 Called: https://sdrivesapp.com/api/captain/rides/accepted
2025-09-06 01:25:10 Called: https://sdrivesapp.com/api/driver/near/by/ride
2025-09-06 01:25:12 Called: https://sdrivesapp.com/api/rides/active-driver
2025-09-06 01:25:13 Called: https://sdrivesapp.com/api/rides/cancel
2025-09-06 01:25:13 Called: https://sdrivesapp.com/api/captain/rides/accepted
2025-09-06 01:25:14 Called: https://sdrivesapp.com/api/driver/near/by/ride
2025-09-06 01:25:16 Called: https://sdrivesapp.com/api/rides/active-driver
2025-09-06 01:25:16 Called: https://sdrivesapp.com/api/rides/cancel
2025-09-06 01:25:16 Called: https://sdrivesapp.com/api/captain/rides/accepted
2025-09-06 01:25:17 Called: https://sdrivesapp.com/api/driver/near/by/ride
2025-09-06 01:25:19 Called: https://sdrivesapp.com/api/rides/active-driver
2025-09-06 01:25:19 Called: https://sdrivesapp.com/api/rides/cancel
2025-09-06 01:25:19 Called: https://sdrivesapp.com/api/captain/rides/accepted
2025-09-06 01:25:20 Called: https://sdrivesapp.com/api/driver/near/by/ride
2025-09-06 01:25:22 Called: https://sdrivesapp.com/api/rides/active-driver
2025-09-06 01:25:23 Called: https://sdrivesapp.com/api/rides/cancel
2025-09-06 01:25:23 Called: https://sdrivesapp.com/api/captain/rides/accepted
2025-09-06 01:25:24 Called: https://sdrivesapp.com/api/driver/near/by/ride
2025-09-06 01:25:25 Called: https://sdrivesapp.com/api/rides/active-driver
2025-09-06 01:25:26 Called: https://sdrivesapp.com/api/rides/cancel
2025-09-06 01:25:26 Called: https://sdrivesapp.com/api/captain/rides/accepted
2025-09-06 01:25:27 Called: https://sdrivesapp.com/api/driver/near/by/ride
2025-09-06 01:25:28 Called: https://sdrivesapp.com/api/rides/active-driver
2025-09-06 01:25:29 Called: https://sdrivesapp.com/api/rides/cancel
2025-09-06 01:25:29 Called: https://sdrivesapp.com/api/captain/rides/accepted
2025-09-06 01:25:30 Called: https://sdrivesapp.com/api/driver/near/by/ride
2025-09-06 01:25:32 Called: https://sdrivesapp.com/api/rides/active-driver
2025-09-06 01:25:32 Called: https://sdrivesapp.com/api/rides/cancel
2025-09-06 01:25:32 Called: https://sdrivesapp.com/api/captain/rides/accepted
2025-09-06 01:25:33 Called: https://sdrivesapp.com/api/driver/near/by/ride
2025-09-06 01:25:35 Called: https://sdrivesapp.com/api/rides/active-driver
2025-09-06 01:25:36 Called: https://sdrivesapp.com/api/rides/cancel
2025-09-06 01:25:36 Called: https://sdrivesapp.com/api/captain/rides/accepted
2025-09-06 01:25:36 Called: https://sdrivesapp.com/api/driver/near/by/ride
2025-09-06 01:25:38 Called: https://sdrivesapp.com/api/rides/active-driver
2025-09-06 01:25:39 Called: https://sdrivesapp.com/api/rides/cancel
2025-09-06 01:25:39 Called: https://sdrivesapp.com/api/captain/rides/accepted
2025-09-06 01:25:39 Called: https://sdrivesapp.com/api/driver/near/by/ride
2025-09-06 01:25:41 Called: https://sdrivesapp.com/api/rides/active-driver
2025-09-06 01:25:42 Called: https://sdrivesapp.com/api/rides/cancel
2025-09-06 01:25:42 Called: https://sdrivesapp.com/api/captain/rides/accepted
2025-09-06 01:25:42 Called: https://sdrivesapp.com/api/driver/near/by/ride
2025-09-06 01:25:44 Called: https://sdrivesapp.com/api/rides/active-driver
2025-09-06 01:25:45 Called: https://sdrivesapp.com/api/rides/cancel
2025-09-06 01:25:45 Called: https://sdrivesapp.com/api/captain/rides/accepted
2025-09-06 01:25:45 Called: https://sdrivesapp.com/api/driver/near/by/ride
2025-09-06 01:25:47 Called: https://sdrivesapp.com/api/rides/active-driver
2025-09-06 01:25:48 Called: https://sdrivesapp.com/api/rides/cancel
2025-09-06 01:25:48 Called: https://sdrivesapp.com/api/captain/rides/accepted
2025-09-06 01:25:49 Called: https://sdrivesapp.com/api/driver/near/by/ride
2025-09-06 01:25:50 Called: https://sdrivesapp.com/api/rides/active-driver
2025-09-06 01:25:51 Called: https://sdrivesapp.com/api/rides/cancel
2025-09-06 01:25:51 Called: https://sdrivesapp.com/api/captain/rides/accepted
2025-09-06 01:25:52 Called: https://sdrivesapp.com/api/driver/near/by/ride
2025-09-06 01:25:53 Called: https://sdrivesapp.com/api/rides/active-driver
2025-09-06 01:25:54 Called: https://sdrivesapp.com/api/rides/cancel
2025-09-06 01:25:54 Called: https://sdrivesapp.com/api/captain/rides/accepted
2025-09-06 01:25:54 Called: https://sdrivesapp.com/api/driver/near/by/ride
2025-09-06 01:25:56 Called: https://sdrivesapp.com/api/rides/active-driver
2025-09-06 01:25:57 Called: https://sdrivesapp.com/api/rides/cancel
2025-09-06 01:25:57 Called: https://sdrivesapp.com/api/captain/rides/accepted
2025-09-06 01:25:57 Called: https://sdrivesapp.com/api/driver/near/by/ride
2025-09-06 01:25:59 Called: https://sdrivesapp.com/api/rides/active-driver
2025-09-06 01:26:00 Called: https://sdrivesapp.com/api/rides/cancel
2025-09-06 01:26:00 Called: https://sdrivesapp.com/api/captain/rides/accepted
2025-09-06 01:26:01 Called: https://sdrivesapp.com/api/driver/near/by/ride
2025-09-06 01:26:03 Called: https://sdrivesapp.com/api/rides/active-driver
2025-09-06 01:26:04 Called: https://sdrivesapp.com/api/rides/cancel
2025-09-06 01:26:04 Called: https://sdrivesapp.com/api/captain/rides/accepted
2025-09-06 01:26:04 Called: https://sdrivesapp.com/api/driver/near/by/ride
2025-09-06 01:26:06 Called: https://sdrivesapp.com/api/rides/active-driver
2025-09-06 01:26:07 Called: https://sdrivesapp.com/api/rides/cancel
2025-09-06 01:26:07 Called: https://sdrivesapp.com/api/captain/rides/accepted
2025-09-06 01:26:08 Called: https://sdrivesapp.com/api/driver/near/by/ride
2025-09-06 01:26:09 Called: https://sdrivesapp.com/api/rides/active-driver
2025-09-06 01:26:10 Called: https://sdrivesapp.com/api/rides/cancel
2025-09-06 01:26:10 Called: https://sdrivesapp.com/api/captain/rides/accepted
2025-09-06 01:26:11 Called: https://sdrivesapp.com/api/driver/near/by/ride
2025-09-06 01:26:12 Called: https://sdrivesapp.com/api/rides/active-driver
2025-09-06 01:26:13 Called: https://sdrivesapp.com/api/rides/cancel
2025-09-06 01:26:13 Called: https://sdrivesapp.com/api/captain/rides/accepted
2025-09-06 01:26:14 Called: https://sdrivesapp.com/api/driver/near/by/ride
2025-09-06 01:26:15 Called: https://sdrivesapp.com/api/rides/active-driver
2025-09-06 01:26:16 Called: https://sdrivesapp.com/api/rides/cancel
2025-09-06 01:26:16 Called: https://sdrivesapp.com/api/captain/rides/accepted
2025-09-06 01:26:17 Called: https://sdrivesapp.com/api/driver/near/by/ride
2025-09-06 01:26:18 Called: https://sdrivesapp.com/api/rides/active-driver
2025-09-06 01:26:19 Called: https://sdrivesapp.com/api/rides/cancel
2025-09-06 01:26:19 Called: https://sdrivesapp.com/api/captain/rides/accepted
2025-09-06 01:26:20 Called: https://sdrivesapp.com/api/driver/near/by/ride
2025-09-06 01:26:21 Called: https://sdrivesapp.com/api/rides/active-driver
2025-09-06 01:26:22 Called: https://sdrivesapp.com/api/rides/cancel
2025-09-06 01:26:22 Called: https://sdrivesapp.com/api/captain/rides/accepted
2025-09-06 01:26:23 Called: https://sdrivesapp.com/api/driver/near/by/ride
2025-09-06 01:26:25 Called: https://sdrivesapp.com/api/rides/active-driver
2025-09-06 01:26:26 Called: https://sdrivesapp.com/api/rides/cancel
2025-09-06 01:26:26 Called: https://sdrivesapp.com/api/captain/rides/accepted
2025-09-06 01:26:26 Called: https://sdrivesapp.com/api/driver/near/by/ride
2025-09-06 01:26:28 Called: https://sdrivesapp.com/api/rides/active-driver
2025-09-06 01:26:29 Called: https://sdrivesapp.com/api/rides/cancel
2025-09-06 01:26:29 Called: https://sdrivesapp.com/api/captain/rides/accepted
2025-09-06 01:26:30 Called: https://sdrivesapp.com/api/driver/near/by/ride
2025-09-06 01:26:31 Called: https://sdrivesapp.com/api/rides/active-driver
2025-09-06 01:26:32 Called: https://sdrivesapp.com/api/rides/cancel
2025-09-06 01:26:32 Called: https://sdrivesapp.com/api/captain/rides/accepted
2025-09-06 01:26:33 Called: https://sdrivesapp.com/api/driver/near/by/ride
2025-09-06 01:26:34 Called: https://sdrivesapp.com/api/rides/active-driver
2025-09-06 01:26:35 Called: https://sdrivesapp.com/api/rides/cancel
2025-09-06 01:26:35 Called: https://sdrivesapp.com/api/captain/rides/accepted
2025-09-06 01:26:36 Called: https://sdrivesapp.com/api/driver/near/by/ride
2025-09-06 01:26:38 Called: https://sdrivesapp.com/api/rides/active-driver
2025-09-06 01:26:38 Called: https://sdrivesapp.com/api/rides/cancel
2025-09-06 01:26:39 Called: https://sdrivesapp.com/api/captain/rides/accepted
2025-09-06 01:26:39 Called: https://sdrivesapp.com/api/driver/near/by/ride
2025-09-06 01:26:41 Called: https://sdrivesapp.com/api/rides/active-driver
2025-09-06 01:26:42 Called: https://sdrivesapp.com/api/rides/cancel
2025-09-06 01:26:42 Called: https://sdrivesapp.com/api/captain/rides/accepted
2025-09-06 01:26:42 Called: https://sdrivesapp.com/api/driver/near/by/ride
2025-09-06 01:26:44 Called: https://sdrivesapp.com/api/rides/active-driver
2025-09-06 01:26:45 Called: https://sdrivesapp.com/api/rides/cancel
2025-09-06 01:26:45 Called: https://sdrivesapp.com/api/captain/rides/accepted
2025-09-06 01:26:46 Called: https://sdrivesapp.com/api/driver/near/by/ride
2025-09-06 01:26:47 Called: https://sdrivesapp.com/api/rides/active-driver
2025-09-06 01:26:48 Called: https://sdrivesapp.com/api/rides/cancel
2025-09-06 01:26:48 Called: https://sdrivesapp.com/api/captain/rides/accepted
2025-09-06 01:26:49 Called: https://sdrivesapp.com/api/driver/near/by/ride
2025-09-06 01:26:50 Called: https://sdrivesapp.com/api/rides/active-driver
2025-09-06 01:26:51 Called: https://sdrivesapp.com/api/rides/cancel
2025-09-06 01:26:51 Called: https://sdrivesapp.com/api/captain/rides/accepted
2025-09-06 01:26:52 Called: https://sdrivesapp.com/api/driver/near/by/ride
2025-09-06 01:26:54 Called: https://sdrivesapp.com/api/rides/active-driver
2025-09-06 01:26:54 Called: https://sdrivesapp.com/api/rides/cancel
2025-09-06 01:26:55 Called: https://sdrivesapp.com/api/captain/rides/accepted
2025-09-06 01:26:55 Called: https://sdrivesapp.com/api/driver/near/by/ride
2025-09-06 01:26:57 Called: https://sdrivesapp.com/api/rides/active-driver
2025-09-06 01:26:58 Called: https://sdrivesapp.com/api/rides/cancel
2025-09-06 01:26:58 Called: https://sdrivesapp.com/api/captain/rides/accepted
2025-09-06 01:26:58 Called: https://sdrivesapp.com/api/driver/near/by/ride
2025-09-06 01:27:00 Called: https://sdrivesapp.com/api/rides/active-driver
2025-09-06 01:27:01 Called: https://sdrivesapp.com/api/rides/cancel
2025-09-06 01:27:01 Called: https://sdrivesapp.com/api/captain/rides/accepted
2025-09-06 01:27:02 Called: https://sdrivesapp.com/api/driver/near/by/ride
2025-09-06 01:27:03 Called: https://sdrivesapp.com/api/rides/active-driver
2025-09-06 01:27:04 Called: https://sdrivesapp.com/api/rides/cancel
2025-09-06 01:27:04 Called: https://sdrivesapp.com/api/captain/rides/accepted
2025-09-06 01:27:05 Called: https://sdrivesapp.com/api/driver/near/by/ride
2025-09-06 01:27:07 Called: https://sdrivesapp.com/api/rides/active-driver
2025-09-06 01:27:07 Called: https://sdrivesapp.com/api/rides/cancel
2025-09-06 01:27:07 Called: https://sdrivesapp.com/api/captain/rides/accepted
2025-09-06 01:27:08 Called: https://sdrivesapp.com/api/driver/near/by/ride
2025-09-06 01:27:10 Called: https://sdrivesapp.com/api/rides/active-driver
2025-09-06 01:27:11 Called: https://sdrivesapp.com/api/rides/cancel
2025-09-06 01:27:11 Called: https://sdrivesapp.com/api/captain/rides/accepted
2025-09-06 01:27:12 Called: https://sdrivesapp.com/api/driver/near/by/ride
2025-09-06 01:27:13 Called: https://sdrivesapp.com/api/rides/active-driver
2025-09-06 01:27:14 Called: https://sdrivesapp.com/api/rides/cancel
2025-09-06 01:27:14 Called: https://sdrivesapp.com/api/captain/rides/accepted
2025-09-06 01:27:15 Called: https://sdrivesapp.com/api/driver/near/by/ride
2025-09-06 01:27:17 Called: https://sdrivesapp.com/api/rides/active-driver
2025-09-06 01:27:17 Called: https://sdrivesapp.com/api/rides/cancel
2025-09-06 01:27:17 Called: https://sdrivesapp.com/api/captain/rides/accepted
2025-09-06 01:27:18 Called: https://sdrivesapp.com/api/driver/near/by/ride
2025-09-06 01:27:20 Called: https://sdrivesapp.com/api/rides/active-driver
2025-09-06 01:27:21 Called: https://sdrivesapp.com/api/rides/cancel
2025-09-06 01:27:21 Called: https://sdrivesapp.com/api/captain/rides/accepted
2025-09-06 01:27:21 Called: https://sdrivesapp.com/api/driver/near/by/ride
2025-09-06 01:27:23 Called: https://sdrivesapp.com/api/rides/active-driver
2025-09-06 01:27:24 Called: https://sdrivesapp.com/api/rides/cancel
2025-09-06 01:27:24 Called: https://sdrivesapp.com/api/captain/rides/accepted
2025-09-06 01:27:25 Called: https://sdrivesapp.com/api/driver/near/by/ride
2025-09-06 01:27:26 Called: https://sdrivesapp.com/api/rides/active-driver
2025-09-06 01:27:27 Called: https://sdrivesapp.com/api/rides/cancel
2025-09-06 01:27:27 Called: https://sdrivesapp.com/api/captain/rides/accepted
2025-09-06 01:27:28 Called: https://sdrivesapp.com/api/driver/near/by/ride
2025-09-06 01:27:30 Called: https://sdrivesapp.com/api/rides/active-driver
2025-09-06 01:27:30 Called: https://sdrivesapp.com/api/rides/cancel
2025-09-06 01:27:31 Called: https://sdrivesapp.com/api/captain/rides/accepted
2025-09-06 01:27:31 Called: https://sdrivesapp.com/api/driver/near/by/ride
2025-09-06 01:27:33 Called: https://sdrivesapp.com/api/rides/active-driver
2025-09-06 01:27:34 Called: https://sdrivesapp.com/api/rides/cancel
2025-09-06 01:27:34 Called: https://sdrivesapp.com/api/captain/rides/accepted
2025-09-06 01:27:35 Called: https://sdrivesapp.com/api/driver/near/by/ride
2025-09-06 01:27:36 Called: https://sdrivesapp.com/api/rides/active-driver
2025-09-06 01:27:37 Called: https://sdrivesapp.com/api/rides/cancel
2025-09-06 01:27:37 Called: https://sdrivesapp.com/api/captain/rides/accepted
2025-09-06 01:27:38 Called: https://sdrivesapp.com/api/driver/near/by/ride
2025-09-06 01:27:40 Called: https://sdrivesapp.com/api/rides/active-driver
2025-09-06 01:27:41 Called: https://sdrivesapp.com/api/rides/cancel
2025-09-06 01:27:41 Called: https://sdrivesapp.com/api/captain/rides/accepted
2025-09-06 01:27:41 Called: https://sdrivesapp.com/api/driver/near/by/ride
2025-09-06 01:27:43 Called: https://sdrivesapp.com/api/rides/active-driver
2025-09-06 01:27:44 Called: https://sdrivesapp.com/api/rides/cancel
2025-09-06 01:27:44 Called: https://sdrivesapp.com/api/captain/rides/accepted
2025-09-06 01:27:45 Called: https://sdrivesapp.com/api/driver/near/by/ride
2025-09-06 01:27:46 Called: https://sdrivesapp.com/api/rides/active-driver
2025-09-06 01:27:47 Called: https://sdrivesapp.com/api/rides/cancel
2025-09-06 01:27:47 Called: https://sdrivesapp.com/api/captain/rides/accepted
2025-09-06 01:27:48 Called: https://sdrivesapp.com/api/driver/near/by/ride
2025-09-06 01:27:50 Called: https://sdrivesapp.com/api/rides/active-driver
2025-09-06 01:27:50 Called: https://sdrivesapp.com/api/rides/cancel
2025-09-06 01:27:50 Called: https://sdrivesapp.com/api/captain/rides/accepted
2025-09-06 01:27:51 Called: https://sdrivesapp.com/api/driver/near/by/ride
2025-09-06 01:27:53 Called: https://sdrivesapp.com/api/rides/active-driver
2025-09-06 01:27:53 Called: https://sdrivesapp.com/api/rides/cancel
2025-09-06 01:27:53 Called: https://sdrivesapp.com/api/captain/rides/accepted
2025-09-06 01:27:54 Called: https://sdrivesapp.com/api/driver/near/by/ride
2025-09-06 01:27:56 Called: https://sdrivesapp.com/api/rides/active-driver
2025-09-06 01:27:56 Called: https://sdrivesapp.com/api/rides/cancel
2025-09-06 01:27:57 Called: https://sdrivesapp.com/api/captain/rides/accepted
2025-09-06 01:27:57 Called: https://sdrivesapp.com/api/driver/near/by/ride
2025-09-06 01:27:59 Called: https://sdrivesapp.com/api/rides/active-driver
2025-09-06 01:28:00 Called: https://sdrivesapp.com/api/rides/cancel
2025-09-06 01:28:00 Called: https://sdrivesapp.com/api/captain/rides/accepted
2025-09-06 01:28:01 Called: https://sdrivesapp.com/api/driver/near/by/ride
2025-09-06 01:28:03 Called: https://sdrivesapp.com/api/rides/active-driver
2025-09-06 01:28:03 Called: https://sdrivesapp.com/api/rides/cancel
2025-09-06 01:28:04 Called: https://sdrivesapp.com/api/captain/rides/accepted
2025-09-06 01:28:04 Called: https://sdrivesapp.com/api/driver/near/by/ride
2025-09-06 01:28:06 Called: https://sdrivesapp.com/api/rides/active-driver
2025-09-06 01:28:07 Called: https://sdrivesapp.com/api/rides/cancel
2025-09-06 01:28:07 Called: https://sdrivesapp.com/api/captain/rides/accepted
2025-09-06 01:28:08 Called: https://sdrivesapp.com/api/driver/near/by/ride
2025-09-06 01:28:09 Called: https://sdrivesapp.com/api/rides/active-driver
2025-09-06 01:28:10 Called: https://sdrivesapp.com/api/rides/cancel
2025-09-06 01:28:10 Called: https://sdrivesapp.com/api/captain/rides/accepted
2025-09-06 01:28:11 Called: https://sdrivesapp.com/api/driver/near/by/ride
2025-09-06 01:28:13 Called: https://sdrivesapp.com/api/rides/active-driver
2025-09-06 01:28:13 Called: https://sdrivesapp.com/api/rides/cancel
2025-09-06 01:28:13 Called: https://sdrivesapp.com/api/captain/rides/accepted
2025-09-06 01:28:14 Called: https://sdrivesapp.com/api/driver/near/by/ride
2025-09-06 01:28:16 Called: https://sdrivesapp.com/api/rides/active-driver
2025-09-06 01:28:17 Called: https://sdrivesapp.com/api/rides/cancel
2025-09-06 01:28:17 Called: https://sdrivesapp.com/api/captain/rides/accepted
2025-09-06 01:28:18 Called: https://sdrivesapp.com/api/driver/near/by/ride
2025-09-06 01:28:19 Called: https://sdrivesapp.com/api/rides/active-driver
2025-09-06 01:28:20 Called: https://sdrivesapp.com/api/rides/cancel
2025-09-06 01:28:20 Called: https://sdrivesapp.com/api/captain/rides/accepted
2025-09-06 01:28:21 Called: https://sdrivesapp.com/api/driver/near/by/ride
2025-09-06 01:28:23 Called: https://sdrivesapp.com/api/rides/active-driver
2025-09-06 01:28:23 Called: https://sdrivesapp.com/api/rides/cancel
2025-09-06 01:28:23 Called: https://sdrivesapp.com/api/captain/rides/accepted
2025-09-06 01:28:24 Called: https://sdrivesapp.com/api/driver/near/by/ride
2025-09-06 01:28:26 Called: https://sdrivesapp.com/api/rides/active-driver
2025-09-06 01:28:27 Called: https://sdrivesapp.com/api/rides/cancel
2025-09-06 01:28:27 Called: https://sdrivesapp.com/api/captain/rides/accepted
2025-09-06 01:28:27 Called: https://sdrivesapp.com/api/driver/near/by/ride
2025-09-06 01:28:29 Called: https://sdrivesapp.com/api/rides/active-driver
2025-09-06 01:28:30 Called: https://sdrivesapp.com/api/rides/cancel
2025-09-06 01:28:30 Called: https://sdrivesapp.com/api/captain/rides/accepted
2025-09-06 01:28:31 Called: https://sdrivesapp.com/api/driver/near/by/ride
2025-09-06 01:28:32 Called: https://sdrivesapp.com/api/rides/active-driver
2025-09-06 01:28:33 Called: https://sdrivesapp.com/api/rides/cancel
2025-09-06 01:28:33 Called: https://sdrivesapp.com/api/captain/rides/accepted
2025-09-06 01:28:34 Called: https://sdrivesapp.com/api/driver/near/by/ride
2025-09-06 01:28:36 Called: https://sdrivesapp.com/api/rides/active-driver
2025-09-06 01:28:36 Called: https://sdrivesapp.com/api/rides/cancel
2025-09-06 01:28:37 Called: https://sdrivesapp.com/api/captain/rides/accepted
2025-09-06 01:28:37 Called: https://sdrivesapp.com/api/driver/near/by/ride
2025-09-06 01:28:39 Called: https://sdrivesapp.com/api/rides/active-driver
2025-09-06 01:28:40 Called: https://sdrivesapp.com/api/rides/cancel
2025-09-06 01:28:40 Called: https://sdrivesapp.com/api/captain/rides/accepted
2025-09-06 01:28:41 Called: https://sdrivesapp.com/api/driver/near/by/ride
2025-09-06 01:28:43 Called: https://sdrivesapp.com/api/rides/active-driver
2025-09-06 01:28:43 Called: https://sdrivesapp.com/api/rides/cancel
2025-09-06 01:28:43 Called: https://sdrivesapp.com/api/captain/rides/accepted
2025-09-06 01:28:44 Called: https://sdrivesapp.com/api/driver/near/by/ride
2025-09-06 01:28:46 Called: https://sdrivesapp.com/api/rides/active-driver
2025-09-06 01:28:47 Called: https://sdrivesapp.com/api/rides/cancel
2025-09-06 01:28:47 Called: https://sdrivesapp.com/api/captain/rides/accepted
2025-09-06 01:28:47 Called: https://sdrivesapp.com/api/driver/near/by/ride
2025-09-06 01:28:49 Called: https://sdrivesapp.com/api/rides/active-driver
2025-09-06 01:28:50 Called: https://sdrivesapp.com/api/rides/cancel
2025-09-06 01:28:50 Called: https://sdrivesapp.com/api/captain/rides/accepted
2025-09-06 01:28:51 Called: https://sdrivesapp.com/api/driver/near/by/ride
2025-09-06 01:28:52 Called: https://sdrivesapp.com/api/rides/active-driver
2025-09-06 01:28:53 Called: https://sdrivesapp.com/api/rides/cancel
2025-09-06 01:28:53 Called: https://sdrivesapp.com/api/captain/rides/accepted
2025-09-06 01:28:54 Called: https://sdrivesapp.com/api/driver/near/by/ride
2025-09-06 01:28:56 Called: https://sdrivesapp.com/api/rides/active-driver
2025-09-06 01:28:56 Called: https://sdrivesapp.com/api/rides/cancel
2025-09-06 01:28:56 Called: https://sdrivesapp.com/api/captain/rides/accepted
2025-09-06 01:28:57 Called: https://sdrivesapp.com/api/driver/near/by/ride
2025-09-06 01:28:59 Called: https://sdrivesapp.com/api/rides/active-driver
2025-09-06 01:29:00 Called: https://sdrivesapp.com/api/rides/cancel
2025-09-06 01:29:00 Called: https://sdrivesapp.com/api/captain/rides/accepted
2025-09-06 01:29:01 Called: https://sdrivesapp.com/api/driver/near/by/ride
2025-09-06 01:29:02 Called: https://sdrivesapp.com/api/rides/active-driver
2025-09-06 01:29:03 Called: https://sdrivesapp.com/api/rides/cancel
2025-09-06 01:29:03 Called: https://sdrivesapp.com/api/captain/rides/accepted
2025-09-06 01:29:04 Called: https://sdrivesapp.com/api/driver/near/by/ride
2025-09-06 01:29:06 Called: https://sdrivesapp.com/api/rides/active-driver
2025-09-06 01:29:07 Called: https://sdrivesapp.com/api/rides/cancel
2025-09-06 01:29:07 Called: https://sdrivesapp.com/api/captain/rides/accepted
2025-09-06 01:29:07 Called: https://sdrivesapp.com/api/driver/near/by/ride
2025-09-06 01:29:09 Called: https://sdrivesapp.com/api/rides/active-driver
2025-09-06 01:29:10 Called: https://sdrivesapp.com/api/rides/cancel
2025-09-06 01:29:10 Called: https://sdrivesapp.com/api/captain/rides/accepted
2025-09-06 01:29:11 Called: https://sdrivesapp.com/api/driver/near/by/ride
2025-09-06 01:29:13 Called: https://sdrivesapp.com/api/rides/active-driver
2025-09-06 01:29:13 Called: https://sdrivesapp.com/api/rides/cancel
2025-09-06 01:29:13 Called: https://sdrivesapp.com/api/captain/rides/accepted
2025-09-06 01:29:14 Called: https://sdrivesapp.com/api/driver/near/by/ride
2025-09-06 01:29:16 Called: https://sdrivesapp.com/api/rides/active-driver
2025-09-06 01:29:17 Called: https://sdrivesapp.com/api/rides/cancel
2025-09-06 01:29:17 Called: https://sdrivesapp.com/api/captain/rides/accepted
2025-09-06 01:29:17 Called: https://sdrivesapp.com/api/driver/near/by/ride
2025-09-06 01:29:19 Called: https://sdrivesapp.com/api/rides/active-driver
2025-09-06 01:29:20 Called: https://sdrivesapp.com/api/rides/cancel
2025-09-06 01:29:20 Called: https://sdrivesapp.com/api/captain/rides/accepted
2025-09-06 01:29:21 Called: https://sdrivesapp.com/api/driver/near/by/ride
2025-09-06 01:29:22 Called: https://sdrivesapp.com/api/rides/active-driver
2025-09-06 01:29:23 Called: https://sdrivesapp.com/api/rides/cancel
2025-09-06 01:29:23 Called: https://sdrivesapp.com/api/captain/rides/accepted
2025-09-06 01:29:24 Called: https://sdrivesapp.com/api/driver/near/by/ride
2025-09-06 01:29:26 Called: https://sdrivesapp.com/api/rides/active-driver
2025-09-06 01:29:26 Called: https://sdrivesapp.com/api/rides/cancel
2025-09-06 01:29:27 Called: https://sdrivesapp.com/api/captain/rides/accepted
2025-09-06 01:29:27 Called: https://sdrivesapp.com/api/driver/near/by/ride
2025-09-06 01:29:29 Called: https://sdrivesapp.com/api/rides/active-driver
2025-09-06 01:29:30 Called: https://sdrivesapp.com/api/rides/cancel
2025-09-06 01:29:30 Called: https://sdrivesapp.com/api/captain/rides/accepted
2025-09-06 01:29:31 Called: https://sdrivesapp.com/api/driver/near/by/ride
2025-09-06 01:29:32 Called: https://sdrivesapp.com/api/rides/active-driver
2025-09-06 01:29:33 Called: https://sdrivesapp.com/api/rides/cancel
2025-09-06 01:29:33 Called: https://sdrivesapp.com/api/captain/rides/accepted
2025-09-06 01:29:34 Called: https://sdrivesapp.com/api/driver/near/by/ride
2025-09-06 01:29:36 Called: https://sdrivesapp.com/api/rides/active-driver
2025-09-06 01:29:36 Called: https://sdrivesapp.com/api/rides/cancel
2025-09-06 01:29:37 Called: https://sdrivesapp.com/api/captain/rides/accepted
2025-09-06 01:29:37 Called: https://sdrivesapp.com/api/driver/near/by/ride
2025-09-06 01:29:39 Called: https://sdrivesapp.com/api/rides/active-driver
2025-09-06 01:29:40 Called: https://sdrivesapp.com/api/rides/cancel
2025-09-06 01:29:40 Called: https://sdrivesapp.com/api/captain/rides/accepted
2025-09-06 01:29:40 Called: https://sdrivesapp.com/api/driver/near/by/ride
2025-09-06 01:29:42 Called: https://sdrivesapp.com/api/rides/active-driver
2025-09-06 01:29:43 Called: https://sdrivesapp.com/api/rides/cancel
2025-09-06 01:29:43 Called: https://sdrivesapp.com/api/captain/rides/accepted
2025-09-06 01:29:44 Called: https://sdrivesapp.com/api/driver/near/by/ride
2025-09-06 01:29:46 Called: https://sdrivesapp.com/api/rides/active-driver
2025-09-06 01:29:46 Called: https://sdrivesapp.com/api/rides/cancel
2025-09-06 01:29:46 Called: https://sdrivesapp.com/api/captain/rides/accepted
2025-09-06 01:29:47 Called: https://sdrivesapp.com/api/driver/near/by/ride
2025-09-06 01:29:49 Called: https://sdrivesapp.com/api/rides/active-driver
2025-09-06 01:29:50 Called: https://sdrivesapp.com/api/rides/cancel
2025-09-06 01:29:50 Called: https://sdrivesapp.com/api/captain/rides/accepted
2025-09-06 01:29:50 Called: https://sdrivesapp.com/api/driver/near/by/ride
2025-09-06 01:29:52 Called: https://sdrivesapp.com/api/rides/active-driver
2025-09-06 01:29:53 Called: https://sdrivesapp.com/api/rides/cancel
2025-09-06 01:29:53 Called: https://sdrivesapp.com/api/captain/rides/accepted
2025-09-06 01:29:54 Called: https://sdrivesapp.com/api/driver/near/by/ride
2025-09-06 01:29:56 Called: https://sdrivesapp.com/api/rides/active-driver
2025-09-06 01:29:56 Called: https://sdrivesapp.com/api/rides/cancel
2025-09-06 01:29:57 Called: https://sdrivesapp.com/api/captain/rides/accepted
2025-09-06 01:29:57 Called: https://sdrivesapp.com/api/driver/near/by/ride
2025-09-06 01:29:59 Called: https://sdrivesapp.com/api/rides/active-driver
2025-09-06 01:30:00 Called: https://sdrivesapp.com/api/rides/cancel
2025-09-06 01:30:00 Called: https://sdrivesapp.com/api/captain/rides/accepted
2025-09-06 01:30:01 Called: https://sdrivesapp.com/api/driver/near/by/ride
2025-09-06 01:30:02 Called: https://sdrivesapp.com/api/rides/active-driver
2025-09-06 01:30:03 Called: https://sdrivesapp.com/api/rides/cancel
2025-09-06 01:30:03 Called: https://sdrivesapp.com/api/captain/rides/accepted
2025-09-06 01:30:04 Called: https://sdrivesapp.com/api/driver/near/by/ride
2025-09-06 01:30:06 Called: https://sdrivesapp.com/api/rides/active-driver
2025-09-06 01:30:07 Called: https://sdrivesapp.com/api/rides/cancel
2025-09-06 01:30:07 Called: https://sdrivesapp.com/api/captain/rides/accepted
2025-09-06 01:30:08 Called: https://sdrivesapp.com/api/driver/near/by/ride
2025-09-06 01:30:09 Called: https://sdrivesapp.com/api/rides/active-driver
2025-09-06 01:30:10 Called: https://sdrivesapp.com/api/rides/cancel
2025-09-06 01:30:10 Called: https://sdrivesapp.com/api/captain/rides/accepted
2025-09-06 01:30:11 Called: https://sdrivesapp.com/api/driver/near/by/ride
2025-09-06 01:30:13 Called: https://sdrivesapp.com/api/rides/active-driver
2025-09-06 01:30:14 Called: https://sdrivesapp.com/api/rides/cancel
2025-09-06 01:30:14 Called: https://sdrivesapp.com/api/captain/rides/accepted
2025-09-06 01:30:14 Called: https://sdrivesapp.com/api/driver/near/by/ride
2025-09-06 01:30:16 Called: https://sdrivesapp.com/api/rides/active-driver
2025-09-06 01:30:17 Called: https://sdrivesapp.com/api/rides/cancel
2025-09-06 01:30:17 Called: https://sdrivesapp.com/api/captain/rides/accepted
2025-09-06 01:30:18 Called: https://sdrivesapp.com/api/driver/near/by/ride
2025-09-06 01:30:20 Called: https://sdrivesapp.com/api/rides/active-driver
2025-09-06 01:30:20 Called: https://sdrivesapp.com/api/rides/cancel
2025-09-06 01:30:20 Called: https://sdrivesapp.com/api/captain/rides/accepted
2025-09-06 01:30:21 Called: https://sdrivesapp.com/api/driver/near/by/ride
2025-09-06 01:30:23 Called: https://sdrivesapp.com/api/rides/active-driver
2025-09-06 01:30:24 Called: https://sdrivesapp.com/api/rides/cancel
2025-09-06 01:30:24 Called: https://sdrivesapp.com/api/captain/rides/accepted
2025-09-06 01:30:24 Called: https://sdrivesapp.com/api/driver/near/by/ride
2025-09-06 01:30:26 Called: https://sdrivesapp.com/api/rides/active-driver
2025-09-06 01:30:27 Called: https://sdrivesapp.com/api/rides/cancel
2025-09-06 01:30:27 Called: https://sdrivesapp.com/api/captain/rides/accepted
2025-09-06 01:30:27 Called: https://sdrivesapp.com/api/driver/near/by/ride
2025-09-06 01:30:29 Called: https://sdrivesapp.com/api/rides/active-driver
2025-09-06 01:30:30 Called: https://sdrivesapp.com/api/rides/cancel
2025-09-06 01:30:30 Called: https://sdrivesapp.com/api/captain/rides/accepted
2025-09-06 01:30:30 Called: https://sdrivesapp.com/api/driver/near/by/ride
2025-09-06 01:30:32 Called: https://sdrivesapp.com/api/rides/active-driver
2025-09-06 01:30:33 Called: https://sdrivesapp.com/api/rides/cancel
2025-09-06 01:30:33 Called: https://sdrivesapp.com/api/captain/rides/accepted
2025-09-06 01:30:34 Called: https://sdrivesapp.com/api/driver/near/by/ride
2025-09-06 01:30:35 Called: https://sdrivesapp.com/api/rides/active-driver
2025-09-06 01:30:36 Called: https://sdrivesapp.com/api/rides/cancel
2025-09-06 01:30:36 Called: https://sdrivesapp.com/api/captain/rides/accepted
2025-09-06 01:30:37 Called: https://sdrivesapp.com/api/driver/near/by/ride
2025-09-06 01:30:38 Called: https://sdrivesapp.com/api/rides/active-driver
2025-09-06 01:30:39 Called: https://sdrivesapp.com/api/rides/cancel
2025-09-06 01:30:39 Called: https://sdrivesapp.com/api/captain/rides/accepted
2025-09-06 01:30:40 Called: https://sdrivesapp.com/api/driver/near/by/ride
2025-09-06 01:30:42 Called: https://sdrivesapp.com/api/rides/active-driver
2025-09-06 01:30:42 Called: https://sdrivesapp.com/api/rides/cancel
2025-09-06 01:30:42 Called: https://sdrivesapp.com/api/captain/rides/accepted
2025-09-06 01:30:43 Called: https://sdrivesapp.com/api/driver/near/by/ride
2025-09-06 01:30:45 Called: https://sdrivesapp.com/api/rides/active-driver
2025-09-06 01:30:45 Called: https://sdrivesapp.com/api/rides/cancel
2025-09-06 01:30:45 Called: https://sdrivesapp.com/api/captain/rides/accepted
2025-09-06 01:30:46 Called: https://sdrivesapp.com/api/driver/near/by/ride
2025-09-06 01:30:48 Called: https://sdrivesapp.com/api/rides/active-driver
2025-09-06 01:30:48 Called: https://sdrivesapp.com/api/rides/cancel
2025-09-06 01:30:48 Called: https://sdrivesapp.com/api/captain/rides/accepted
2025-09-06 01:30:49 Called: https://sdrivesapp.com/api/driver/near/by/ride
2025-09-06 02:14:33 Called: https://sdrivesapp.com/api/rides/active-driver
2025-09-06 02:14:34 Called: https://sdrivesapp.com/api/rides/cancel
2025-09-06 02:14:34 Called: https://sdrivesapp.com/api/captain/rides/accepted
2025-09-06 02:14:34 Called: https://sdrivesapp.com/api/driver/near/by/ride
2025-09-06 02:14:36 Called: https://sdrivesapp.com/api/rides/active-driver
2025-09-06 02:14:37 Called: https://sdrivesapp.com/api/rides/cancel
2025-09-06 02:14:37 Called: https://sdrivesapp.com/api/captain/rides/accepted
2025-09-06 02:14:37 Called: https://sdrivesapp.com/api/driver/near/by/ride
2025-09-06 02:14:39 Called: https://sdrivesapp.com/api/rides/active-driver
2025-09-06 02:14:40 Called: https://sdrivesapp.com/api/rides/cancel
2025-09-06 02:14:40 Called: https://sdrivesapp.com/api/captain/rides/accepted
2025-09-06 02:14:41 Called: https://sdrivesapp.com/api/driver/near/by/ride
2025-09-06 02:14:43 Called: https://sdrivesapp.com/api/rides/active-driver
2025-09-06 02:14:43 Called: https://sdrivesapp.com/api/rides/cancel
2025-09-06 02:14:43 Called: https://sdrivesapp.com/api/captain/rides/accepted
2025-09-06 02:14:44 Called: https://sdrivesapp.com/api/driver/near/by/ride
2025-09-06 02:14:46 Called: https://sdrivesapp.com/api/rides/active-driver
2025-09-06 02:14:46 Called: https://sdrivesapp.com/api/rides/cancel
2025-09-06 02:14:47 Called: https://sdrivesapp.com/api/captain/rides/accepted
2025-09-06 02:14:47 Called: https://sdrivesapp.com/api/driver/near/by/ride
2025-09-06 02:14:49 Called: https://sdrivesapp.com/api/rides/active-driver
2025-09-06 02:14:50 Called: https://sdrivesapp.com/api/rides/cancel
2025-09-06 02:14:50 Called: https://sdrivesapp.com/api/captain/rides/accepted
2025-09-06 02:14:50 Called: https://sdrivesapp.com/api/driver/near/by/ride
2025-09-06 02:14:52 Called: https://sdrivesapp.com/api/rides/active-driver
2025-09-06 02:14:53 Called: https://sdrivesapp.com/api/rides/cancel
2025-09-06 02:14:53 Called: https://sdrivesapp.com/api/captain/rides/accepted
2025-09-06 02:14:53 Called: https://sdrivesapp.com/api/driver/near/by/ride
2025-09-06 02:14:55 Called: https://sdrivesapp.com/api/rides/active-driver
2025-09-06 02:14:56 Called: https://sdrivesapp.com/api/rides/cancel
2025-09-06 02:14:56 Called: https://sdrivesapp.com/api/captain/rides/accepted
2025-09-06 02:14:56 Called: https://sdrivesapp.com/api/driver/near/by/ride
2025-09-06 02:14:58 Called: https://sdrivesapp.com/api/rides/active-driver
2025-09-06 02:14:59 Called: https://sdrivesapp.com/api/rides/cancel
2025-09-06 02:14:59 Called: https://sdrivesapp.com/api/captain/rides/accepted
2025-09-06 02:14:59 Called: https://sdrivesapp.com/api/driver/near/by/ride
2025-09-06 02:15:01 Called: https://sdrivesapp.com/api/rides/active-driver
2025-09-06 02:15:02 Called: https://sdrivesapp.com/api/rides/cancel
2025-09-06 02:15:02 Called: https://sdrivesapp.com/api/captain/rides/accepted
2025-09-06 02:15:03 Called: https://sdrivesapp.com/api/driver/near/by/ride
2025-09-06 02:15:05 Called: https://sdrivesapp.com/api/rides/active-driver
2025-09-06 02:15:06 Called: https://sdrivesapp.com/api/rides/cancel
2025-09-06 02:15:06 Called: https://sdrivesapp.com/api/captain/rides/accepted
2025-09-06 02:15:07 Called: https://sdrivesapp.com/api/driver/near/by/ride
2025-09-06 02:15:08 Called: https://sdrivesapp.com/api/rides/active-driver
2025-09-06 02:15:09 Called: https://sdrivesapp.com/api/rides/cancel
2025-09-06 02:15:09 Called: https://sdrivesapp.com/api/captain/rides/accepted
2025-09-06 02:15:10 Called: https://sdrivesapp.com/api/driver/near/by/ride
2025-09-06 02:15:12 Called: https://sdrivesapp.com/api/rides/active-driver
2025-09-08 21:47:51 Called: https://sdrivesapp.com/api/rides/active-driver
2025-09-08 21:47:51 Called: https://sdrivesapp.com/api/rides/cancel
2025-09-08 21:47:51 Called: https://sdrivesapp.com/api/captain/rides/accepted
2025-09-08 21:47:52 Called: https://sdrivesapp.com/api/driver/near/by/ride
2025-09-08 21:47:54 Called: https://sdrivesapp.com/api/rides/active-driver
2025-09-08 21:47:54 Called: https://sdrivesapp.com/api/rides/cancel
2025-09-08 21:47:54 Called: https://sdrivesapp.com/api/captain/rides/accepted
2025-09-09 00:14:55 Called: https://sdrivesapp.com/api/rides/active-driver
2025-09-09 00:22:03 Called: https://sdrivesapp.com/api/rides/active-driver
2025-09-09 00:22:03 Called: https://sdrivesapp.com/api/rides/cancel
2025-09-09 00:22:03 Called: https://sdrivesapp.com/api/captain/rides/accepted
2025-09-09 00:22:04 Called: https://sdrivesapp.com/api/driver/near/by/ride
2025-09-09 00:22:06 Called: https://sdrivesapp.com/api/rides/active-driver
2025-09-09 00:22:07 Called: https://sdrivesapp.com/api/rides/cancel
2025-09-09 00:22:07 Called: https://sdrivesapp.com/api/captain/rides/accepted
2025-09-09 00:22:07 Called: https://sdrivesapp.com/api/driver/near/by/ride
2025-09-09 00:22:09 Called: https://sdrivesapp.com/api/rides/active-driver
2025-09-09 00:22:10 Called: https://sdrivesapp.com/api/rides/cancel
2025-09-09 00:22:10 Called: https://sdrivesapp.com/api/captain/rides/accepted
2025-09-09 00:22:10 Called: https://sdrivesapp.com/api/driver/near/by/ride
2025-09-09 00:22:12 Called: https://sdrivesapp.com/api/rides/active-driver
2025-09-09 00:22:13 Called: https://sdrivesapp.com/api/rides/cancel
2025-09-09 00:22:13 Called: https://sdrivesapp.com/api/captain/rides/accepted
2025-09-09 00:22:14 Called: https://sdrivesapp.com/api/driver/near/by/ride
2025-09-09 00:22:15 Called: https://sdrivesapp.com/api/rides/active-driver
2025-09-09 00:22:16 Called: https://sdrivesapp.com/api/rides/cancel
2025-09-09 00:22:16 Called: https://sdrivesapp.com/api/captain/rides/accepted
2025-09-09 00:22:17 Called: https://sdrivesapp.com/api/driver/near/by/ride
2025-09-09 00:22:19 Called: https://sdrivesapp.com/api/rides/active-driver
2025-09-09 00:22:20 Called: https://sdrivesapp.com/api/rides/cancel
2025-09-09 00:22:20 Called: https://sdrivesapp.com/api/captain/rides/accepted
2025-09-09 00:22:20 Called: https://sdrivesapp.com/api/driver/near/by/ride
2025-09-09 00:22:22 Called: https://sdrivesapp.com/api/rides/active-driver
2025-09-09 00:22:23 Called: https://sdrivesapp.com/api/rides/cancel
2025-09-09 00:22:23 Called: https://sdrivesapp.com/api/captain/rides/accepted
2025-09-09 00:22:24 Called: https://sdrivesapp.com/api/driver/near/by/ride
2025-09-09 00:22:26 Called: https://sdrivesapp.com/api/rides/active-driver
2025-09-09 00:22:26 Called: https://sdrivesapp.com/api/rides/cancel
2025-09-09 00:22:27 Called: https://sdrivesapp.com/api/captain/rides/accepted
2025-09-09 00:22:28 Called: https://sdrivesapp.com/api/driver/near/by/ride
2025-09-09 00:22:30 Called: https://sdrivesapp.com/api/rides/active-driver
2025-09-09 00:22:30 Called: https://sdrivesapp.com/api/rides/cancel
2025-09-09 00:22:30 Called: https://sdrivesapp.com/api/captain/rides/accepted
2025-09-09 00:22:31 Called: https://sdrivesapp.com/api/driver/near/by/ride
2025-09-09 00:22:33 Called: https://sdrivesapp.com/api/rides/active-driver
2025-09-09 00:22:34 Called: https://sdrivesapp.com/api/rides/cancel
2025-09-09 00:22:34 Called: https://sdrivesapp.com/api/captain/rides/accepted
2025-09-09 00:22:34 Called: https://sdrivesapp.com/api/driver/near/by/ride
2025-09-09 00:22:36 Called: https://sdrivesapp.com/api/rides/active-driver
2025-09-09 00:22:37 Called: https://sdrivesapp.com/api/rides/cancel
2025-09-09 00:22:37 Called: https://sdrivesapp.com/api/captain/rides/accepted
2025-09-09 00:22:37 Called: https://sdrivesapp.com/api/driver/near/by/ride
2025-09-09 00:22:39 Called: https://sdrivesapp.com/api/rides/active-driver
2025-09-09 00:22:40 Called: https://sdrivesapp.com/api/rides/cancel
2025-09-09 00:22:40 Called: https://sdrivesapp.com/api/captain/rides/accepted
2025-09-09 00:22:40 Called: https://sdrivesapp.com/api/driver/near/by/ride
2025-09-09 00:22:42 Called: https://sdrivesapp.com/api/rides/active-driver
2025-09-09 00:22:43 Called: https://sdrivesapp.com/api/rides/cancel
2025-09-09 00:22:43 Called: https://sdrivesapp.com/api/captain/rides/accepted
2025-09-09 00:22:44 Called: https://sdrivesapp.com/api/driver/near/by/ride
2025-09-09 00:22:45 Called: https://sdrivesapp.com/api/rides/active-driver
2025-09-09 00:22:46 Called: https://sdrivesapp.com/api/rides/cancel
2025-09-09 00:22:46 Called: https://sdrivesapp.com/api/captain/rides/accepted
2025-09-09 00:22:47 Called: https://sdrivesapp.com/api/driver/near/by/ride
2025-09-09 00:22:48 Called: https://sdrivesapp.com/api/rides/active-driver
2025-09-09 00:22:49 Called: https://sdrivesapp.com/api/rides/cancel
2025-09-09 00:22:49 Called: https://sdrivesapp.com/api/captain/rides/accepted
2025-09-09 00:22:50 Called: https://sdrivesapp.com/api/driver/near/by/ride
2025-09-09 00:22:52 Called: https://sdrivesapp.com/api/rides/active-driver
2025-09-09 00:22:52 Called: https://sdrivesapp.com/api/rides/cancel
2025-09-09 00:22:52 Called: https://sdrivesapp.com/api/captain/rides/accepted
2025-09-09 00:22:53 Called: https://sdrivesapp.com/api/driver/near/by/ride
2025-09-09 00:22:55 Called: https://sdrivesapp.com/api/rides/active-driver
2025-09-09 00:22:56 Called: https://sdrivesapp.com/api/rides/cancel
2025-09-09 00:22:56 Called: https://sdrivesapp.com/api/captain/rides/accepted
2025-09-09 00:22:56 Called: https://sdrivesapp.com/api/driver/near/by/ride
2025-09-09 00:22:58 Called: https://sdrivesapp.com/api/rides/active-driver
2025-09-09 00:22:59 Called: https://sdrivesapp.com/api/rides/cancel
2025-09-09 00:22:59 Called: https://sdrivesapp.com/api/captain/rides/accepted
2025-09-09 00:23:00 Called: https://sdrivesapp.com/api/driver/near/by/ride
2025-09-09 00:23:02 Called: https://sdrivesapp.com/api/rides/active-driver
2025-09-09 00:23:03 Called: https://sdrivesapp.com/api/rides/cancel
2025-09-09 00:23:03 Called: https://sdrivesapp.com/api/captain/rides/accepted
2025-09-09 00:23:03 Called: https://sdrivesapp.com/api/driver/near/by/ride
2025-09-09 00:23:05 Called: https://sdrivesapp.com/api/rides/active-driver
2025-09-09 00:23:06 Called: https://sdrivesapp.com/api/rides/cancel
2025-09-09 00:23:06 Called: https://sdrivesapp.com/api/captain/rides/accepted
2025-09-09 00:23:07 Called: https://sdrivesapp.com/api/driver/near/by/ride
2025-09-09 00:23:09 Called: https://sdrivesapp.com/api/rides/active-driver
2025-09-09 00:23:09 Called: https://sdrivesapp.com/api/rides/cancel
2025-09-09 00:23:09 Called: https://sdrivesapp.com/api/captain/rides/accepted
2025-09-09 00:23:10 Called: https://sdrivesapp.com/api/driver/near/by/ride
2025-09-09 00:23:12 Called: https://sdrivesapp.com/api/rides/active-driver
2025-09-09 00:23:13 Called: https://sdrivesapp.com/api/rides/cancel
2025-09-09 00:23:13 Called: https://sdrivesapp.com/api/captain/rides/accepted
2025-09-09 00:23:13 Called: https://sdrivesapp.com/api/driver/near/by/ride
2025-09-09 00:23:15 Called: https://sdrivesapp.com/api/rides/active-driver
2025-09-09 00:23:16 Called: https://sdrivesapp.com/api/rides/cancel
2025-09-09 00:23:16 Called: https://sdrivesapp.com/api/captain/rides/accepted
2025-09-09 00:23:17 Called: https://sdrivesapp.com/api/driver/near/by/ride
2025-09-09 00:23:18 Called: https://sdrivesapp.com/api/rides/active-driver
2025-09-09 00:23:19 Called: https://sdrivesapp.com/api/rides/cancel
2025-09-09 00:23:19 Called: https://sdrivesapp.com/api/captain/rides/accepted
2025-09-09 00:23:20 Called: https://sdrivesapp.com/api/driver/near/by/ride
2025-09-09 00:23:22 Called: https://sdrivesapp.com/api/rides/active-driver
2025-09-09 00:23:22 Called: https://sdrivesapp.com/api/rides/cancel
2025-09-09 00:23:22 Called: https://sdrivesapp.com/api/captain/rides/accepted
2025-09-09 00:23:23 Called: https://sdrivesapp.com/api/driver/near/by/ride
2025-09-09 00:23:25 Called: https://sdrivesapp.com/api/rides/active-driver
2025-09-09 00:23:26 Called: https://sdrivesapp.com/api/rides/cancel
2025-09-09 00:23:26 Called: https://sdrivesapp.com/api/captain/rides/accepted
2025-09-09 00:23:27 Called: https://sdrivesapp.com/api/driver/near/by/ride
2025-09-09 00:23:29 Called: https://sdrivesapp.com/api/rides/active-driver
2025-09-09 00:23:30 Called: https://sdrivesapp.com/api/rides/cancel
2025-09-09 00:23:30 Called: https://sdrivesapp.com/api/captain/rides/accepted
2025-09-09 00:23:31 Called: https://sdrivesapp.com/api/driver/near/by/ride
2025-09-09 00:23:33 Called: https://sdrivesapp.com/api/rides/active-driver
2025-09-09 00:23:33 Called: https://sdrivesapp.com/api/rides/cancel
2025-09-09 00:23:33 Called: https://sdrivesapp.com/api/captain/rides/accepted
2025-09-09 00:23:34 Called: https://sdrivesapp.com/api/driver/near/by/ride
2025-09-09 00:23:36 Called: https://sdrivesapp.com/api/rides/active-driver
2025-09-09 00:23:37 Called: https://sdrivesapp.com/api/rides/cancel
2025-09-09 00:23:37 Called: https://sdrivesapp.com/api/captain/rides/accepted
2025-09-09 00:23:38 Called: https://sdrivesapp.com/api/driver/near/by/ride
2025-09-09 00:23:39 Called: https://sdrivesapp.com/api/rides/active-driver
2025-09-09 00:23:40 Called: https://sdrivesapp.com/api/rides/cancel
2025-09-09 00:23:40 Called: https://sdrivesapp.com/api/captain/rides/accepted
2025-09-09 00:23:41 Called: https://sdrivesapp.com/api/driver/near/by/ride
2025-09-09 00:23:43 Called: https://sdrivesapp.com/api/rides/active-driver
2025-09-09 00:23:44 Called: https://sdrivesapp.com/api/rides/cancel
2025-09-09 00:23:44 Called: https://sdrivesapp.com/api/captain/rides/accepted
2025-09-09 00:23:45 Called: https://sdrivesapp.com/api/driver/near/by/ride
2025-09-09 00:23:47 Called: https://sdrivesapp.com/api/rides/active-driver
2025-09-09 00:23:47 Called: https://sdrivesapp.com/api/rides/cancel
2025-09-09 00:23:48 Called: https://sdrivesapp.com/api/captain/rides/accepted
2025-09-09 00:23:48 Called: https://sdrivesapp.com/api/driver/near/by/ride
2025-09-09 00:23:50 Called: https://sdrivesapp.com/api/rides/active-driver
2025-09-09 00:23:51 Called: https://sdrivesapp.com/api/rides/cancel
2025-09-09 00:23:51 Called: https://sdrivesapp.com/api/captain/rides/accepted
2025-09-09 00:23:52 Called: https://sdrivesapp.com/api/driver/near/by/ride
2025-09-09 00:23:54 Called: https://sdrivesapp.com/api/rides/active-driver
2025-09-09 00:23:54 Called: https://sdrivesapp.com/api/rides/cancel
2025-09-09 00:23:54 Called: https://sdrivesapp.com/api/captain/rides/accepted
2025-09-09 00:23:55 Called: https://sdrivesapp.com/api/driver/near/by/ride
2025-09-09 00:23:57 Called: https://sdrivesapp.com/api/rides/active-driver
2025-09-09 00:23:58 Called: https://sdrivesapp.com/api/rides/cancel
2025-09-09 00:23:58 Called: https://sdrivesapp.com/api/captain/rides/accepted
2025-09-09 00:23:59 Called: https://sdrivesapp.com/api/driver/near/by/ride
2025-09-09 00:24:00 Called: https://sdrivesapp.com/api/rides/active-driver
2025-09-09 00:24:01 Called: https://sdrivesapp.com/api/rides/cancel
2025-09-09 00:24:01 Called: https://sdrivesapp.com/api/captain/rides/accepted
2025-09-09 00:24:02 Called: https://sdrivesapp.com/api/driver/near/by/ride
2025-09-09 00:24:04 Called: https://sdrivesapp.com/api/rides/active-driver
2025-09-09 00:24:05 Called: https://sdrivesapp.com/api/rides/cancel
2025-09-09 00:24:05 Called: https://sdrivesapp.com/api/captain/rides/accepted
2025-09-09 00:24:05 Called: https://sdrivesapp.com/api/driver/near/by/ride
2025-09-09 00:24:07 Called: https://sdrivesapp.com/api/rides/active-driver
2025-09-09 00:24:08 Called: https://sdrivesapp.com/api/rides/cancel
2025-09-09 00:24:08 Called: https://sdrivesapp.com/api/captain/rides/accepted
2025-09-09 00:24:09 Called: https://sdrivesapp.com/api/driver/near/by/ride
2025-09-09 00:24:11 Called: https://sdrivesapp.com/api/rides/active-driver
2025-09-09 00:24:12 Called: https://sdrivesapp.com/api/rides/cancel
2025-09-09 00:24:12 Called: https://sdrivesapp.com/api/captain/rides/accepted
2025-09-09 00:24:12 Called: https://sdrivesapp.com/api/driver/near/by/ride
2025-09-09 00:24:14 Called: https://sdrivesapp.com/api/rides/active-driver
2025-09-09 00:24:15 Called: https://sdrivesapp.com/api/rides/cancel
2025-09-09 00:24:15 Called: https://sdrivesapp.com/api/captain/rides/accepted
2025-09-09 00:24:16 Called: https://sdrivesapp.com/api/driver/near/by/ride
2025-09-09 00:24:18 Called: https://sdrivesapp.com/api/rides/active-driver
2025-09-09 00:24:18 Called: https://sdrivesapp.com/api/rides/cancel
2025-09-09 00:24:18 Called: https://sdrivesapp.com/api/captain/rides/accepted
2025-09-09 00:24:19 Called: https://sdrivesapp.com/api/driver/near/by/ride
2025-09-09 00:24:21 Called: https://sdrivesapp.com/api/rides/active-driver
2025-09-09 00:24:22 Called: https://sdrivesapp.com/api/rides/cancel
2025-09-09 00:24:22 Called: https://sdrivesapp.com/api/captain/rides/accepted
2025-09-09 00:24:22 Called: https://sdrivesapp.com/api/driver/near/by/ride
2025-09-09 00:24:24 Called: https://sdrivesapp.com/api/rides/active-driver
2025-09-09 00:24:25 Called: https://sdrivesapp.com/api/rides/cancel
2025-09-09 00:24:25 Called: https://sdrivesapp.com/api/captain/rides/accepted
2025-09-09 00:24:26 Called: https://sdrivesapp.com/api/driver/near/by/ride
2025-09-09 00:24:27 Called: https://sdrivesapp.com/api/rides/active-driver
2025-09-09 00:24:28 Called: https://sdrivesapp.com/api/rides/cancel
2025-09-09 00:24:28 Called: https://sdrivesapp.com/api/captain/rides/accepted
2025-09-09 00:24:29 Called: https://sdrivesapp.com/api/driver/near/by/ride
2025-09-09 00:24:31 Called: https://sdrivesapp.com/api/rides/active-driver
2025-09-09 00:24:31 Called: https://sdrivesapp.com/api/rides/cancel
2025-09-09 00:24:32 Called: https://sdrivesapp.com/api/captain/rides/accepted
2025-09-09 00:24:32 Called: https://sdrivesapp.com/api/driver/near/by/ride
2025-09-09 00:24:34 Called: https://sdrivesapp.com/api/rides/active-driver
2025-09-09 00:24:35 Called: https://sdrivesapp.com/api/rides/cancel
2025-09-09 00:24:35 Called: https://sdrivesapp.com/api/captain/rides/accepted
2025-09-09 00:24:35 Called: https://sdrivesapp.com/api/driver/near/by/ride
2025-09-09 00:24:37 Called: https://sdrivesapp.com/api/rides/active-driver
2025-09-09 00:24:38 Called: https://sdrivesapp.com/api/rides/cancel
2025-09-09 00:24:38 Called: https://sdrivesapp.com/api/captain/rides/accepted
2025-09-09 00:24:39 Called: https://sdrivesapp.com/api/driver/near/by/ride
2025-09-09 00:24:41 Called: https://sdrivesapp.com/api/rides/active-driver
2025-09-09 00:24:42 Called: https://sdrivesapp.com/api/rides/cancel
2025-09-09 00:24:42 Called: https://sdrivesapp.com/api/captain/rides/accepted
2025-09-09 00:24:42 Called: https://sdrivesapp.com/api/driver/near/by/ride
2025-09-09 00:24:44 Called: https://sdrivesapp.com/api/rides/active-driver
2025-09-09 00:24:45 Called: https://sdrivesapp.com/api/rides/cancel
2025-09-09 00:24:45 Called: https://sdrivesapp.com/api/captain/rides/accepted
2025-09-09 00:24:46 Called: https://sdrivesapp.com/api/driver/near/by/ride
2025-09-09 00:24:47 Called: https://sdrivesapp.com/api/rides/active-driver
2025-09-09 00:24:48 Called: https://sdrivesapp.com/api/rides/cancel
2025-09-09 00:24:48 Called: https://sdrivesapp.com/api/captain/rides/accepted
2025-09-09 00:24:49 Called: https://sdrivesapp.com/api/driver/near/by/ride
2025-09-09 00:24:51 Called: https://sdrivesapp.com/api/rides/active-driver
2025-09-09 00:24:51 Called: https://sdrivesapp.com/api/rides/cancel
2025-09-09 00:24:51 Called: https://sdrivesapp.com/api/captain/rides/accepted
2025-09-09 00:24:52 Called: https://sdrivesapp.com/api/driver/near/by/ride
2025-09-09 00:24:54 Called: https://sdrivesapp.com/api/rides/active-driver
2025-09-09 00:24:55 Called: https://sdrivesapp.com/api/rides/cancel
2025-09-09 00:24:55 Called: https://sdrivesapp.com/api/captain/rides/accepted
2025-09-09 00:24:55 Called: https://sdrivesapp.com/api/driver/near/by/ride
2025-09-09 00:24:57 Called: https://sdrivesapp.com/api/rides/active-driver
2025-09-09 00:24:58 Called: https://sdrivesapp.com/api/rides/cancel
2025-09-09 00:24:58 Called: https://sdrivesapp.com/api/captain/rides/accepted
2025-09-09 00:24:58 Called: https://sdrivesapp.com/api/driver/near/by/ride
2025-09-09 00:25:00 Called: https://sdrivesapp.com/api/rides/active-driver
2025-09-09 00:25:01 Called: https://sdrivesapp.com/api/rides/cancel
2025-09-09 00:25:01 Called: https://sdrivesapp.com/api/captain/rides/accepted
2025-09-09 00:25:02 Called: https://sdrivesapp.com/api/driver/near/by/ride
2025-09-09 00:25:03 Called: https://sdrivesapp.com/api/rides/active-driver
2025-09-09 00:25:04 Called: https://sdrivesapp.com/api/rides/cancel
2025-09-09 00:25:04 Called: https://sdrivesapp.com/api/captain/rides/accepted
2025-09-09 00:25:05 Called: https://sdrivesapp.com/api/driver/near/by/ride
2025-09-09 00:25:07 Called: https://sdrivesapp.com/api/rides/active-driver
2025-09-09 00:25:07 Called: https://sdrivesapp.com/api/rides/cancel
2025-09-09 00:25:08 Called: https://sdrivesapp.com/api/captain/rides/accepted
2025-09-09 00:25:08 Called: https://sdrivesapp.com/api/driver/near/by/ride
2025-09-09 00:25:10 Called: https://sdrivesapp.com/api/rides/active-driver
2025-09-09 00:25:11 Called: https://sdrivesapp.com/api/rides/cancel
2025-09-09 00:25:11 Called: https://sdrivesapp.com/api/captain/rides/accepted
2025-09-09 00:25:11 Called: https://sdrivesapp.com/api/driver/near/by/ride
2025-09-09 00:25:13 Called: https://sdrivesapp.com/api/rides/active-driver
2025-09-09 00:25:14 Called: https://sdrivesapp.com/api/rides/cancel
2025-09-09 00:25:14 Called: https://sdrivesapp.com/api/captain/rides/accepted
2025-09-09 00:25:14 Called: https://sdrivesapp.com/api/driver/near/by/ride
2025-09-09 00:25:16 Called: https://sdrivesapp.com/api/rides/active-driver
2025-09-09 00:25:17 Called: https://sdrivesapp.com/api/rides/cancel
2025-09-09 00:25:17 Called: https://sdrivesapp.com/api/captain/rides/accepted
2025-09-09 00:25:18 Called: https://sdrivesapp.com/api/driver/near/by/ride
2025-09-09 00:25:19 Called: https://sdrivesapp.com/api/rides/active-driver
2025-09-09 00:25:20 Called: https://sdrivesapp.com/api/rides/cancel
2025-09-09 00:25:20 Called: https://sdrivesapp.com/api/captain/rides/accepted
2025-09-09 00:25:21 Called: https://sdrivesapp.com/api/driver/near/by/ride
2025-09-09 00:25:23 Called: https://sdrivesapp.com/api/rides/active-driver
2025-09-09 00:25:23 Called: https://sdrivesapp.com/api/rides/cancel
2025-09-09 00:25:23 Called: https://sdrivesapp.com/api/captain/rides/accepted
2025-09-09 00:25:24 Called: https://sdrivesapp.com/api/driver/near/by/ride
2025-09-09 00:25:26 Called: https://sdrivesapp.com/api/rides/active-driver
2025-09-09 00:25:26 Called: https://sdrivesapp.com/api/rides/cancel
2025-09-09 00:25:26 Called: https://sdrivesapp.com/api/captain/rides/accepted
2025-09-09 00:25:27 Called: https://sdrivesapp.com/api/driver/near/by/ride
2025-09-09 00:25:29 Called: https://sdrivesapp.com/api/rides/active-driver
2025-09-09 00:25:29 Called: https://sdrivesapp.com/api/rides/cancel
2025-09-09 00:25:30 Called: https://sdrivesapp.com/api/captain/rides/accepted
2025-09-09 00:25:30 Called: https://sdrivesapp.com/api/driver/near/by/ride
2025-09-09 00:25:32 Called: https://sdrivesapp.com/api/rides/active-driver
2025-09-09 00:25:33 Called: https://sdrivesapp.com/api/rides/cancel
2025-09-09 00:25:33 Called: https://sdrivesapp.com/api/captain/rides/accepted
2025-09-09 00:25:33 Called: https://sdrivesapp.com/api/driver/near/by/ride
2025-09-09 00:25:35 Called: https://sdrivesapp.com/api/rides/active-driver
2025-09-09 00:25:36 Called: https://sdrivesapp.com/api/rides/cancel
2025-09-09 00:25:36 Called: https://sdrivesapp.com/api/captain/rides/accepted
2025-09-09 00:25:37 Called: https://sdrivesapp.com/api/driver/near/by/ride
2025-09-09 00:25:38 Called: https://sdrivesapp.com/api/rides/active-driver
2025-09-09 00:25:39 Called: https://sdrivesapp.com/api/rides/cancel
2025-09-09 00:25:39 Called: https://sdrivesapp.com/api/captain/rides/accepted
2025-09-09 00:25:40 Called: https://sdrivesapp.com/api/driver/near/by/ride
2025-09-09 00:25:41 Called: https://sdrivesapp.com/api/rides/active-driver
2025-09-09 00:25:42 Called: https://sdrivesapp.com/api/rides/cancel
2025-09-09 00:25:42 Called: https://sdrivesapp.com/api/captain/rides/accepted
2025-09-09 00:25:43 Called: https://sdrivesapp.com/api/driver/near/by/ride
2025-09-09 00:25:45 Called: https://sdrivesapp.com/api/rides/active-driver
2025-09-09 00:25:45 Called: https://sdrivesapp.com/api/rides/cancel
2025-09-09 00:25:45 Called: https://sdrivesapp.com/api/captain/rides/accepted
2025-09-09 00:25:46 Called: https://sdrivesapp.com/api/driver/near/by/ride
2025-09-09 00:25:48 Called: https://sdrivesapp.com/api/rides/active-driver
2025-09-09 00:25:49 Called: https://sdrivesapp.com/api/rides/cancel
2025-09-09 00:25:49 Called: https://sdrivesapp.com/api/captain/rides/accepted
2025-09-09 00:25:50 Called: https://sdrivesapp.com/api/driver/near/by/ride
2025-09-09 00:25:51 Called: https://sdrivesapp.com/api/rides/active-driver
2025-09-09 00:25:52 Called: https://sdrivesapp.com/api/rides/cancel
2025-09-09 00:25:52 Called: https://sdrivesapp.com/api/captain/rides/accepted
2025-09-09 00:25:53 Called: https://sdrivesapp.com/api/driver/near/by/ride
2025-09-09 00:25:55 Called: https://sdrivesapp.com/api/rides/active-driver
2025-09-09 00:25:55 Called: https://sdrivesapp.com/api/rides/cancel
2025-09-09 00:25:55 Called: https://sdrivesapp.com/api/captain/rides/accepted
2025-09-09 00:25:56 Called: https://sdrivesapp.com/api/driver/near/by/ride
2025-09-09 00:25:58 Called: https://sdrivesapp.com/api/rides/active-driver
2025-09-09 00:25:58 Called: https://sdrivesapp.com/api/rides/cancel
2025-09-09 00:25:58 Called: https://sdrivesapp.com/api/captain/rides/accepted
2025-09-09 00:25:59 Called: https://sdrivesapp.com/api/driver/near/by/ride
2025-09-09 00:26:01 Called: https://sdrivesapp.com/api/rides/active-driver
2025-09-09 00:26:02 Called: https://sdrivesapp.com/api/rides/cancel
2025-09-09 00:26:02 Called: https://sdrivesapp.com/api/captain/rides/accepted
2025-09-09 00:26:02 Called: https://sdrivesapp.com/api/driver/near/by/ride
2025-09-09 00:26:04 Called: https://sdrivesapp.com/api/rides/active-driver
2025-09-09 00:26:05 Called: https://sdrivesapp.com/api/rides/cancel
2025-09-09 00:26:05 Called: https://sdrivesapp.com/api/captain/rides/accepted
2025-09-09 00:26:06 Called: https://sdrivesapp.com/api/driver/near/by/ride
2025-09-09 00:26:07 Called: https://sdrivesapp.com/api/rides/active-driver
2025-09-09 00:26:08 Called: https://sdrivesapp.com/api/rides/cancel
2025-09-09 00:26:08 Called: https://sdrivesapp.com/api/captain/rides/accepted
2025-09-09 00:26:09 Called: https://sdrivesapp.com/api/driver/near/by/ride
2025-09-09 00:26:10 Called: https://sdrivesapp.com/api/rides/active-driver
2025-09-09 00:26:11 Called: https://sdrivesapp.com/api/rides/cancel
2025-09-09 00:26:11 Called: https://sdrivesapp.com/api/captain/rides/accepted
2025-09-09 00:26:12 Called: https://sdrivesapp.com/api/driver/near/by/ride
2025-09-09 00:26:14 Called: https://sdrivesapp.com/api/rides/active-driver
2025-09-09 00:26:14 Called: https://sdrivesapp.com/api/rides/cancel
2025-09-09 00:26:14 Called: https://sdrivesapp.com/api/captain/rides/accepted
2025-09-09 00:26:15 Called: https://sdrivesapp.com/api/driver/near/by/ride
2025-09-09 00:26:17 Called: https://sdrivesapp.com/api/rides/active-driver
2025-09-09 00:26:17 Called: https://sdrivesapp.com/api/rides/cancel
2025-09-09 00:26:17 Called: https://sdrivesapp.com/api/captain/rides/accepted
2025-09-09 00:26:18 Called: https://sdrivesapp.com/api/driver/near/by/ride
2025-09-09 00:26:20 Called: https://sdrivesapp.com/api/rides/active-driver
2025-09-09 00:26:21 Called: https://sdrivesapp.com/api/rides/cancel
2025-09-09 00:26:21 Called: https://sdrivesapp.com/api/captain/rides/accepted
2025-09-09 00:26:22 Called: https://sdrivesapp.com/api/driver/near/by/ride
2025-09-09 00:26:24 Called: https://sdrivesapp.com/api/rides/active-driver
2025-09-09 00:26:24 Called: https://sdrivesapp.com/api/rides/cancel
2025-09-09 00:26:24 Called: https://sdrivesapp.com/api/captain/rides/accepted
2025-09-09 00:26:25 Called: https://sdrivesapp.com/api/driver/near/by/ride
2025-09-09 00:26:27 Called: https://sdrivesapp.com/api/rides/active-driver
2025-09-09 00:26:28 Called: https://sdrivesapp.com/api/rides/cancel
2025-09-09 00:26:28 Called: https://sdrivesapp.com/api/captain/rides/accepted
2025-09-09 00:26:29 Called: https://sdrivesapp.com/api/driver/near/by/ride
2025-09-09 00:26:30 Called: https://sdrivesapp.com/api/rides/active-driver
2025-09-09 00:26:31 Called: https://sdrivesapp.com/api/rides/cancel
2025-09-09 00:26:31 Called: https://sdrivesapp.com/api/captain/rides/accepted
2025-09-09 00:26:32 Called: https://sdrivesapp.com/api/driver/near/by/ride
2025-09-09 00:26:35 Called: https://sdrivesapp.com/api/rides/active-driver
2025-09-09 00:26:35 Called: https://sdrivesapp.com/api/rides/cancel
2025-09-09 00:26:35 Called: https://sdrivesapp.com/api/captain/rides/accepted
2025-09-09 00:26:36 Called: https://sdrivesapp.com/api/driver/near/by/ride
2025-09-09 00:26:38 Called: https://sdrivesapp.com/api/rides/active-driver
2025-09-09 00:26:39 Called: https://sdrivesapp.com/api/rides/cancel
2025-09-09 00:26:39 Called: https://sdrivesapp.com/api/captain/rides/accepted
2025-09-09 00:26:40 Called: https://sdrivesapp.com/api/driver/near/by/ride
2025-09-09 00:26:41 Called: https://sdrivesapp.com/api/rides/active-driver
2025-09-09 00:26:42 Called: https://sdrivesapp.com/api/rides/cancel
2025-09-09 00:26:42 Called: https://sdrivesapp.com/api/captain/rides/accepted
2025-09-09 00:26:43 Called: https://sdrivesapp.com/api/driver/near/by/ride
2025-09-09 00:26:45 Called: https://sdrivesapp.com/api/rides/active-driver
2025-09-09 00:26:46 Called: https://sdrivesapp.com/api/rides/cancel
2025-09-09 00:26:46 Called: https://sdrivesapp.com/api/captain/rides/accepted
2025-09-09 00:26:47 Called: https://sdrivesapp.com/api/driver/near/by/ride
2025-09-09 00:26:48 Called: https://sdrivesapp.com/api/rides/active-driver
2025-09-09 00:26:49 Called: https://sdrivesapp.com/api/rides/cancel
2025-09-09 00:26:49 Called: https://sdrivesapp.com/api/captain/rides/accepted
2025-09-09 00:26:50 Called: https://sdrivesapp.com/api/driver/near/by/ride
2025-09-09 00:26:52 Called: https://sdrivesapp.com/api/rides/active-driver
2025-09-09 00:26:53 Called: https://sdrivesapp.com/api/rides/cancel
2025-09-09 00:26:53 Called: https://sdrivesapp.com/api/captain/rides/accepted
2025-09-09 00:26:54 Called: https://sdrivesapp.com/api/driver/near/by/ride
2025-09-09 00:26:55 Called: https://sdrivesapp.com/api/rides/active-driver
2025-09-09 00:26:56 Called: https://sdrivesapp.com/api/rides/cancel
2025-09-09 00:26:56 Called: https://sdrivesapp.com/api/captain/rides/accepted
2025-09-09 00:26:57 Called: https://sdrivesapp.com/api/driver/near/by/ride
2025-09-09 00:26:59 Called: https://sdrivesapp.com/api/rides/active-driver
2025-09-09 00:26:59 Called: https://sdrivesapp.com/api/rides/cancel
2025-09-09 00:26:59 Called: https://sdrivesapp.com/api/captain/rides/accepted
2025-09-09 00:27:00 Called: https://sdrivesapp.com/api/driver/near/by/ride
2025-09-09 00:27:02 Called: https://sdrivesapp.com/api/rides/active-driver
2025-09-09 00:27:03 Called: https://sdrivesapp.com/api/rides/cancel
2025-09-09 00:27:03 Called: https://sdrivesapp.com/api/captain/rides/accepted
2025-09-09 00:27:04 Called: https://sdrivesapp.com/api/driver/near/by/ride
2025-09-09 00:27:06 Called: https://sdrivesapp.com/api/rides/active-driver
2025-09-09 00:27:06 Called: https://sdrivesapp.com/api/rides/cancel
2025-09-09 00:27:06 Called: https://sdrivesapp.com/api/captain/rides/accepted
2025-09-09 00:27:07 Called: https://sdrivesapp.com/api/driver/near/by/ride
2025-09-09 00:27:09 Called: https://sdrivesapp.com/api/rides/active-driver
2025-09-09 00:27:10 Called: https://sdrivesapp.com/api/rides/cancel
2025-09-09 00:27:10 Called: https://sdrivesapp.com/api/captain/rides/accepted
2025-09-09 00:27:11 Called: https://sdrivesapp.com/api/driver/near/by/ride
2025-09-09 00:27:12 Called: https://sdrivesapp.com/api/rides/active-driver
2025-09-09 00:27:13 Called: https://sdrivesapp.com/api/rides/cancel
2025-09-09 00:27:13 Called: https://sdrivesapp.com/api/captain/rides/accepted
2025-09-09 00:27:14 Called: https://sdrivesapp.com/api/driver/near/by/ride
2025-09-09 00:27:16 Called: https://sdrivesapp.com/api/rides/active-driver
2025-09-09 00:27:16 Called: https://sdrivesapp.com/api/rides/cancel
2025-09-09 00:27:16 Called: https://sdrivesapp.com/api/captain/rides/accepted
2025-09-09 00:27:17 Called: https://sdrivesapp.com/api/driver/near/by/ride
2025-09-09 00:27:19 Called: https://sdrivesapp.com/api/rides/active-driver
2025-09-09 00:27:20 Called: https://sdrivesapp.com/api/rides/cancel
2025-09-09 00:27:20 Called: https://sdrivesapp.com/api/captain/rides/accepted
2025-09-09 00:27:21 Called: https://sdrivesapp.com/api/driver/near/by/ride
2025-09-09 00:27:22 Called: https://sdrivesapp.com/api/rides/active-driver
2025-09-09 00:27:23 Called: https://sdrivesapp.com/api/rides/cancel
2025-09-09 00:27:23 Called: https://sdrivesapp.com/api/captain/rides/accepted
2025-09-09 00:27:24 Called: https://sdrivesapp.com/api/driver/near/by/ride
2025-09-09 00:27:26 Called: https://sdrivesapp.com/api/rides/active-driver
2025-09-09 00:27:26 Called: https://sdrivesapp.com/api/rides/cancel
2025-09-09 00:27:26 Called: https://sdrivesapp.com/api/captain/rides/accepted
2025-09-09 00:27:27 Called: https://sdrivesapp.com/api/driver/near/by/ride
2025-09-09 00:27:29 Called: https://sdrivesapp.com/api/rides/active-driver
2025-09-09 00:27:30 Called: https://sdrivesapp.com/api/rides/cancel
2025-09-09 00:27:30 Called: https://sdrivesapp.com/api/captain/rides/accepted
2025-09-09 00:27:31 Called: https://sdrivesapp.com/api/driver/near/by/ride
2025-09-09 00:27:32 Called: https://sdrivesapp.com/api/rides/active-driver
2025-09-09 00:27:33 Called: https://sdrivesapp.com/api/rides/cancel
2025-09-09 00:27:33 Called: https://sdrivesapp.com/api/captain/rides/accepted
2025-09-09 00:27:34 Called: https://sdrivesapp.com/api/driver/near/by/ride
2025-09-09 00:27:36 Called: https://sdrivesapp.com/api/rides/active-driver
2025-09-09 00:27:36 Called: https://sdrivesapp.com/api/rides/cancel
2025-09-09 00:27:37 Called: https://sdrivesapp.com/api/captain/rides/accepted
2025-09-09 00:27:37 Called: https://sdrivesapp.com/api/driver/near/by/ride
2025-09-09 00:27:39 Called: https://sdrivesapp.com/api/rides/active-driver
2025-09-09 00:27:40 Called: https://sdrivesapp.com/api/rides/cancel
2025-09-09 00:27:40 Called: https://sdrivesapp.com/api/captain/rides/accepted
2025-09-09 00:27:41 Called: https://sdrivesapp.com/api/driver/near/by/ride
2025-09-09 00:27:42 Called: https://sdrivesapp.com/api/rides/active-driver
2025-09-09 00:27:43 Called: https://sdrivesapp.com/api/rides/cancel
2025-09-09 00:27:43 Called: https://sdrivesapp.com/api/captain/rides/accepted
2025-09-09 00:27:44 Called: https://sdrivesapp.com/api/driver/near/by/ride
2025-09-09 00:27:46 Called: https://sdrivesapp.com/api/rides/active-driver
2025-09-09 00:27:46 Called: https://sdrivesapp.com/api/rides/cancel
2025-09-09 00:27:47 Called: https://sdrivesapp.com/api/captain/rides/accepted
2025-09-09 00:27:48 Called: https://sdrivesapp.com/api/driver/near/by/ride
2025-09-09 00:27:49 Called: https://sdrivesapp.com/api/rides/active-driver
2025-09-09 00:27:50 Called: https://sdrivesapp.com/api/rides/cancel
2025-09-09 00:27:50 Called: https://sdrivesapp.com/api/captain/rides/accepted
2025-09-09 00:27:51 Called: https://sdrivesapp.com/api/driver/near/by/ride
2025-09-09 00:27:53 Called: https://sdrivesapp.com/api/rides/active-driver
2025-09-09 00:27:53 Called: https://sdrivesapp.com/api/rides/cancel
2025-09-09 00:27:53 Called: https://sdrivesapp.com/api/captain/rides/accepted
2025-09-09 00:27:54 Called: https://sdrivesapp.com/api/driver/near/by/ride
2025-09-09 00:27:56 Called: https://sdrivesapp.com/api/rides/active-driver
2025-09-09 00:27:57 Called: https://sdrivesapp.com/api/rides/cancel
2025-09-09 00:27:57 Called: https://sdrivesapp.com/api/captain/rides/accepted
2025-09-09 00:27:57 Called: https://sdrivesapp.com/api/driver/near/by/ride
2025-09-09 00:27:59 Called: https://sdrivesapp.com/api/rides/active-driver
2025-09-09 00:28:00 Called: https://sdrivesapp.com/api/rides/cancel
2025-09-09 00:28:00 Called: https://sdrivesapp.com/api/captain/rides/accepted
2025-09-09 00:28:01 Called: https://sdrivesapp.com/api/driver/near/by/ride
2025-09-09 00:28:03 Called: https://sdrivesapp.com/api/rides/active-driver
2025-09-09 00:28:03 Called: https://sdrivesapp.com/api/rides/cancel
2025-09-09 00:28:03 Called: https://sdrivesapp.com/api/captain/rides/accepted
2025-09-09 00:28:04 Called: https://sdrivesapp.com/api/driver/near/by/ride
2025-09-09 00:28:06 Called: https://sdrivesapp.com/api/rides/active-driver
2025-09-09 00:28:07 Called: https://sdrivesapp.com/api/rides/cancel
2025-09-09 00:28:07 Called: https://sdrivesapp.com/api/captain/rides/accepted
2025-09-09 00:28:08 Called: https://sdrivesapp.com/api/driver/near/by/ride
2025-09-09 00:28:09 Called: https://sdrivesapp.com/api/rides/active-driver
2025-09-09 00:28:10 Called: https://sdrivesapp.com/api/rides/cancel
2025-09-09 00:28:10 Called: https://sdrivesapp.com/api/captain/rides/accepted
2025-09-09 00:28:11 Called: https://sdrivesapp.com/api/driver/near/by/ride
2025-09-09 00:28:13 Called: https://sdrivesapp.com/api/rides/active-driver
2025-09-09 00:28:14 Called: https://sdrivesapp.com/api/rides/cancel
2025-09-09 00:28:14 Called: https://sdrivesapp.com/api/captain/rides/accepted
2025-09-09 00:28:14 Called: https://sdrivesapp.com/api/driver/near/by/ride
2025-09-09 00:28:16 Called: https://sdrivesapp.com/api/rides/active-driver
2025-09-09 00:28:17 Called: https://sdrivesapp.com/api/rides/cancel
2025-09-09 00:28:17 Called: https://sdrivesapp.com/api/captain/rides/accepted
2025-09-09 00:28:18 Called: https://sdrivesapp.com/api/driver/near/by/ride
2025-09-09 00:28:20 Called: https://sdrivesapp.com/api/rides/active-driver
2025-09-09 00:28:20 Called: https://sdrivesapp.com/api/rides/cancel
2025-09-09 00:28:20 Called: https://sdrivesapp.com/api/captain/rides/accepted
2025-09-09 00:28:21 Called: https://sdrivesapp.com/api/driver/near/by/ride
2025-09-09 00:28:23 Called: https://sdrivesapp.com/api/rides/active-driver
2025-09-09 00:28:24 Called: https://sdrivesapp.com/api/rides/cancel
2025-09-09 00:28:24 Called: https://sdrivesapp.com/api/captain/rides/accepted
2025-09-09 00:28:25 Called: https://sdrivesapp.com/api/driver/near/by/ride
2025-09-09 00:28:26 Called: https://sdrivesapp.com/api/rides/active-driver
2025-09-09 00:28:27 Called: https://sdrivesapp.com/api/rides/cancel
2025-09-09 00:28:27 Called: https://sdrivesapp.com/api/captain/rides/accepted
2025-09-09 00:28:28 Called: https://sdrivesapp.com/api/driver/near/by/ride
2025-09-09 00:28:30 Called: https://sdrivesapp.com/api/rides/active-driver
2025-09-09 00:28:30 Called: https://sdrivesapp.com/api/rides/cancel
2025-09-09 00:28:31 Called: https://sdrivesapp.com/api/captain/rides/accepted
2025-09-09 00:28:31 Called: https://sdrivesapp.com/api/driver/near/by/ride
2025-09-09 00:28:33 Called: https://sdrivesapp.com/api/rides/active-driver
2025-09-09 00:28:34 Called: https://sdrivesapp.com/api/rides/cancel
2025-09-09 00:28:34 Called: https://sdrivesapp.com/api/captain/rides/accepted
2025-09-09 00:28:35 Called: https://sdrivesapp.com/api/driver/near/by/ride
2025-09-09 00:28:37 Called: https://sdrivesapp.com/api/rides/active-driver
2025-09-09 00:28:37 Called: https://sdrivesapp.com/api/rides/cancel
2025-09-09 00:28:38 Called: https://sdrivesapp.com/api/captain/rides/accepted
2025-09-09 00:28:38 Called: https://sdrivesapp.com/api/driver/near/by/ride
2025-09-09 00:28:40 Called: https://sdrivesapp.com/api/rides/active-driver
2025-09-09 00:28:41 Called: https://sdrivesapp.com/api/rides/cancel
2025-09-09 00:28:41 Called: https://sdrivesapp.com/api/captain/rides/accepted
2025-09-09 00:28:42 Called: https://sdrivesapp.com/api/driver/near/by/ride
2025-09-09 00:28:44 Called: https://sdrivesapp.com/api/rides/active-driver
2025-09-09 00:28:45 Called: https://sdrivesapp.com/api/rides/cancel
2025-09-09 00:28:45 Called: https://sdrivesapp.com/api/captain/rides/accepted
2025-09-09 00:28:46 Called: https://sdrivesapp.com/api/driver/near/by/ride
2025-09-09 00:28:48 Called: https://sdrivesapp.com/api/rides/active-driver
2025-09-09 00:28:49 Called: https://sdrivesapp.com/api/rides/cancel
2025-09-09 00:28:49 Called: https://sdrivesapp.com/api/captain/rides/accepted
2025-09-09 00:28:50 Called: https://sdrivesapp.com/api/driver/near/by/ride
2025-09-09 00:28:52 Called: https://sdrivesapp.com/api/rides/active-driver
2025-09-09 00:28:53 Called: https://sdrivesapp.com/api/rides/cancel
2025-09-09 00:28:53 Called: https://sdrivesapp.com/api/captain/rides/accepted
2025-09-09 00:28:54 Called: https://sdrivesapp.com/api/driver/near/by/ride
2025-09-09 00:28:56 Called: https://sdrivesapp.com/api/rides/active-driver
2025-09-09 00:28:56 Called: https://sdrivesapp.com/api/rides/cancel
2025-09-09 00:28:56 Called: https://sdrivesapp.com/api/captain/rides/accepted
2025-09-09 00:28:57 Called: https://sdrivesapp.com/api/driver/near/by/ride
2025-09-09 00:28:59 Called: https://sdrivesapp.com/api/rides/active-driver
2025-09-09 00:29:00 Called: https://sdrivesapp.com/api/rides/cancel
2025-09-09 00:29:00 Called: https://sdrivesapp.com/api/captain/rides/accepted
2025-09-09 00:29:01 Called: https://sdrivesapp.com/api/driver/near/by/ride
2025-09-09 00:29:03 Called: https://sdrivesapp.com/api/rides/active-driver
2025-09-09 00:29:04 Called: https://sdrivesapp.com/api/rides/cancel
2025-09-09 00:29:04 Called: https://sdrivesapp.com/api/captain/rides/accepted
2025-09-09 00:29:05 Called: https://sdrivesapp.com/api/driver/near/by/ride
2025-09-09 00:29:06 Called: https://sdrivesapp.com/api/rides/active-driver
2025-09-09 00:29:07 Called: https://sdrivesapp.com/api/rides/cancel
2025-09-09 00:29:07 Called: https://sdrivesapp.com/api/captain/rides/accepted
2025-09-09 00:29:08 Called: https://sdrivesapp.com/api/driver/near/by/ride
2025-09-09 00:29:10 Called: https://sdrivesapp.com/api/rides/active-driver
2025-09-09 00:29:11 Called: https://sdrivesapp.com/api/rides/cancel
2025-09-09 00:29:11 Called: https://sdrivesapp.com/api/captain/rides/accepted
2025-09-09 00:29:12 Called: https://sdrivesapp.com/api/driver/near/by/ride
2025-09-09 00:29:13 Called: https://sdrivesapp.com/api/rides/active-driver
2025-09-09 00:29:14 Called: https://sdrivesapp.com/api/rides/cancel
2025-09-09 00:29:14 Called: https://sdrivesapp.com/api/captain/rides/accepted
2025-09-09 00:29:15 Called: https://sdrivesapp.com/api/driver/near/by/ride
2025-09-09 00:29:17 Called: https://sdrivesapp.com/api/rides/active-driver
2025-09-09 00:29:17 Called: https://sdrivesapp.com/api/rides/cancel
2025-09-09 00:29:18 Called: https://sdrivesapp.com/api/captain/rides/accepted
2025-09-09 00:29:18 Called: https://sdrivesapp.com/api/driver/near/by/ride
2025-09-09 00:29:20 Called: https://sdrivesapp.com/api/rides/active-driver
2025-09-09 00:29:20 Called: https://sdrivesapp.com/api/rides/cancel
2025-09-09 00:29:21 Called: https://sdrivesapp.com/api/captain/rides/accepted
2025-09-09 00:29:21 Called: https://sdrivesapp.com/api/driver/near/by/ride
2025-09-09 00:29:23 Called: https://sdrivesapp.com/api/rides/active-driver
2025-09-09 00:29:24 Called: https://sdrivesapp.com/api/rides/cancel
2025-09-09 00:29:24 Called: https://sdrivesapp.com/api/captain/rides/accepted
2025-09-09 00:29:25 Called: https://sdrivesapp.com/api/driver/near/by/ride
2025-09-09 00:29:26 Called: https://sdrivesapp.com/api/rides/active-driver
2025-09-09 00:29:27 Called: https://sdrivesapp.com/api/rides/cancel
2025-09-09 00:29:27 Called: https://sdrivesapp.com/api/captain/rides/accepted
2025-09-09 00:29:28 Called: https://sdrivesapp.com/api/driver/near/by/ride
2025-09-09 00:29:30 Called: https://sdrivesapp.com/api/rides/active-driver
2025-09-09 00:29:31 Called: https://sdrivesapp.com/api/rides/cancel
2025-09-09 00:29:31 Called: https://sdrivesapp.com/api/captain/rides/accepted
2025-09-09 00:29:32 Called: https://sdrivesapp.com/api/driver/near/by/ride
2025-09-09 00:29:33 Called: https://sdrivesapp.com/api/rides/active-driver
2025-09-09 00:29:34 Called: https://sdrivesapp.com/api/rides/cancel
2025-09-09 00:29:34 Called: https://sdrivesapp.com/api/captain/rides/accepted
2025-09-09 00:29:35 Called: https://sdrivesapp.com/api/driver/near/by/ride
2025-09-09 00:29:37 Called: https://sdrivesapp.com/api/rides/active-driver
2025-09-09 00:29:37 Called: https://sdrivesapp.com/api/rides/cancel
2025-09-09 00:29:37 Called: https://sdrivesapp.com/api/captain/rides/accepted
2025-09-09 00:29:38 Called: https://sdrivesapp.com/api/driver/near/by/ride
2025-09-09 00:29:40 Called: https://sdrivesapp.com/api/rides/active-driver
2025-09-09 00:29:40 Called: https://sdrivesapp.com/api/rides/cancel
2025-09-09 00:29:40 Called: https://sdrivesapp.com/api/captain/rides/accepted
2025-09-09 00:29:41 Called: https://sdrivesapp.com/api/driver/near/by/ride
2025-09-09 00:29:43 Called: https://sdrivesapp.com/api/rides/active-driver
2025-09-09 00:29:44 Called: https://sdrivesapp.com/api/rides/cancel
2025-09-09 00:29:44 Called: https://sdrivesapp.com/api/captain/rides/accepted
2025-09-09 00:29:45 Called: https://sdrivesapp.com/api/driver/near/by/ride
2025-09-09 00:29:46 Called: https://sdrivesapp.com/api/rides/active-driver
2025-09-09 00:29:47 Called: https://sdrivesapp.com/api/rides/cancel
2025-09-09 00:29:47 Called: https://sdrivesapp.com/api/captain/rides/accepted
2025-09-09 00:29:48 Called: https://sdrivesapp.com/api/driver/near/by/ride
2025-09-09 00:29:50 Called: https://sdrivesapp.com/api/rides/active-driver
2025-09-09 00:29:50 Called: https://sdrivesapp.com/api/rides/cancel
2025-09-09 00:29:50 Called: https://sdrivesapp.com/api/captain/rides/accepted
2025-09-09 00:29:51 Called: https://sdrivesapp.com/api/driver/near/by/ride
2025-09-09 00:29:53 Called: https://sdrivesapp.com/api/rides/active-driver
2025-09-09 00:29:54 Called: https://sdrivesapp.com/api/rides/cancel
2025-09-09 00:29:54 Called: https://sdrivesapp.com/api/captain/rides/accepted
2025-09-09 00:29:54 Called: https://sdrivesapp.com/api/driver/near/by/ride
2025-09-09 00:29:56 Called: https://sdrivesapp.com/api/rides/active-driver
2025-09-09 00:29:57 Called: https://sdrivesapp.com/api/rides/cancel
2025-09-09 00:29:57 Called: https://sdrivesapp.com/api/captain/rides/accepted
2025-09-09 00:29:58 Called: https://sdrivesapp.com/api/driver/near/by/ride
2025-09-09 00:29:59 Called: https://sdrivesapp.com/api/rides/active-driver
2025-09-09 00:30:00 Called: https://sdrivesapp.com/api/rides/cancel
2025-09-09 00:30:00 Called: https://sdrivesapp.com/api/captain/rides/accepted
2025-09-09 00:30:01 Called: https://sdrivesapp.com/api/driver/near/by/ride
2025-09-09 00:30:03 Called: https://sdrivesapp.com/api/rides/active-driver
2025-09-09 00:30:04 Called: https://sdrivesapp.com/api/rides/cancel
2025-09-09 00:30:04 Called: https://sdrivesapp.com/api/captain/rides/accepted
2025-09-09 00:30:05 Called: https://sdrivesapp.com/api/driver/near/by/ride
2025-09-09 00:30:06 Called: https://sdrivesapp.com/api/rides/active-driver
2025-09-09 00:30:07 Called: https://sdrivesapp.com/api/rides/cancel
2025-09-09 00:30:07 Called: https://sdrivesapp.com/api/captain/rides/accepted
2025-09-09 00:30:08 Called: https://sdrivesapp.com/api/driver/near/by/ride
2025-09-09 00:30:10 Called: https://sdrivesapp.com/api/rides/active-driver
2025-09-09 00:30:11 Called: https://sdrivesapp.com/api/rides/cancel
2025-09-09 00:30:11 Called: https://sdrivesapp.com/api/captain/rides/accepted
2025-09-09 00:30:11 Called: https://sdrivesapp.com/api/driver/near/by/ride
2025-09-09 00:30:13 Called: https://sdrivesapp.com/api/rides/active-driver
2025-09-09 00:30:14 Called: https://sdrivesapp.com/api/rides/cancel
2025-09-09 00:30:14 Called: https://sdrivesapp.com/api/captain/rides/accepted
2025-09-09 00:30:15 Called: https://sdrivesapp.com/api/driver/near/by/ride
2025-09-09 00:30:17 Called: https://sdrivesapp.com/api/rides/active-driver
2025-09-09 00:30:17 Called: https://sdrivesapp.com/api/rides/cancel
2025-09-09 00:30:17 Called: https://sdrivesapp.com/api/captain/rides/accepted
2025-09-09 00:30:18 Called: https://sdrivesapp.com/api/driver/near/by/ride
2025-09-09 00:30:20 Called: https://sdrivesapp.com/api/rides/active-driver
2025-09-09 00:30:20 Called: https://sdrivesapp.com/api/rides/cancel
2025-09-09 00:30:20 Called: https://sdrivesapp.com/api/captain/rides/accepted
2025-09-09 00:30:21 Called: https://sdrivesapp.com/api/driver/near/by/ride
2025-09-09 00:30:23 Called: https://sdrivesapp.com/api/rides/active-driver
2025-09-09 00:30:24 Called: https://sdrivesapp.com/api/rides/cancel
2025-09-09 00:30:24 Called: https://sdrivesapp.com/api/captain/rides/accepted
2025-09-09 00:30:25 Called: https://sdrivesapp.com/api/driver/near/by/ride
2025-09-09 00:30:27 Called: https://sdrivesapp.com/api/rides/active-driver
2025-09-09 00:30:27 Called: https://sdrivesapp.com/api/rides/cancel
2025-09-09 00:30:28 Called: https://sdrivesapp.com/api/captain/rides/accepted
2025-09-09 00:30:28 Called: https://sdrivesapp.com/api/driver/near/by/ride
2025-09-09 00:30:30 Called: https://sdrivesapp.com/api/rides/active-driver
2025-09-09 00:30:31 Called: https://sdrivesapp.com/api/rides/cancel
2025-09-09 00:30:31 Called: https://sdrivesapp.com/api/captain/rides/accepted
2025-09-09 00:30:32 Called: https://sdrivesapp.com/api/driver/near/by/ride
2025-09-09 00:30:33 Called: https://sdrivesapp.com/api/rides/active-driver
2025-09-09 00:30:34 Called: https://sdrivesapp.com/api/rides/cancel
2025-09-09 00:30:34 Called: https://sdrivesapp.com/api/captain/rides/accepted
2025-09-09 00:30:35 Called: https://sdrivesapp.com/api/driver/near/by/ride
2025-09-09 00:30:37 Called: https://sdrivesapp.com/api/rides/active-driver
2025-09-09 00:30:38 Called: https://sdrivesapp.com/api/rides/cancel
2025-09-09 00:30:38 Called: https://sdrivesapp.com/api/captain/rides/accepted
2025-09-09 00:30:39 Called: https://sdrivesapp.com/api/driver/near/by/ride
2025-09-09 00:30:41 Called: https://sdrivesapp.com/api/rides/active-driver
2025-09-09 00:30:41 Called: https://sdrivesapp.com/api/rides/cancel
2025-09-09 00:30:41 Called: https://sdrivesapp.com/api/captain/rides/accepted
2025-09-09 00:30:42 Called: https://sdrivesapp.com/api/driver/near/by/ride
2025-09-09 00:30:44 Called: https://sdrivesapp.com/api/rides/active-driver
2025-09-09 00:30:45 Called: https://sdrivesapp.com/api/rides/cancel
2025-09-09 00:30:45 Called: https://sdrivesapp.com/api/captain/rides/accepted
2025-09-09 00:30:45 Called: https://sdrivesapp.com/api/driver/near/by/ride
2025-09-09 00:30:47 Called: https://sdrivesapp.com/api/rides/active-driver
2025-09-09 00:30:48 Called: https://sdrivesapp.com/api/rides/cancel
2025-09-09 00:30:48 Called: https://sdrivesapp.com/api/captain/rides/accepted
2025-09-09 00:30:48 Called: https://sdrivesapp.com/api/driver/near/by/ride
2025-09-09 00:30:50 Called: https://sdrivesapp.com/api/rides/active-driver
2025-09-09 00:30:51 Called: https://sdrivesapp.com/api/rides/cancel
2025-09-09 00:30:51 Called: https://sdrivesapp.com/api/captain/rides/accepted
2025-09-09 00:30:51 Called: https://sdrivesapp.com/api/driver/near/by/ride
2025-09-09 00:30:53 Called: https://sdrivesapp.com/api/rides/active-driver
2025-09-09 00:30:54 Called: https://sdrivesapp.com/api/rides/cancel
2025-09-09 00:30:54 Called: https://sdrivesapp.com/api/captain/rides/accepted
2025-09-09 00:30:55 Called: https://sdrivesapp.com/api/driver/near/by/ride
2025-09-09 00:30:56 Called: https://sdrivesapp.com/api/rides/active-driver
2025-09-09 00:30:57 Called: https://sdrivesapp.com/api/rides/cancel
2025-09-09 00:30:57 Called: https://sdrivesapp.com/api/captain/rides/accepted
2025-09-09 00:30:58 Called: https://sdrivesapp.com/api/driver/near/by/ride
2025-09-09 00:31:00 Called: https://sdrivesapp.com/api/rides/active-driver
2025-09-09 00:31:00 Called: https://sdrivesapp.com/api/rides/cancel
2025-09-09 00:31:00 Called: https://sdrivesapp.com/api/captain/rides/accepted
2025-09-09 00:31:01 Called: https://sdrivesapp.com/api/driver/near/by/ride
2025-09-09 00:31:03 Called: https://sdrivesapp.com/api/rides/active-driver
2025-09-09 00:31:04 Called: https://sdrivesapp.com/api/rides/cancel
2025-09-09 00:31:04 Called: https://sdrivesapp.com/api/captain/rides/accepted
2025-09-09 00:31:04 Called: https://sdrivesapp.com/api/driver/near/by/ride
2025-09-09 00:31:06 Called: https://sdrivesapp.com/api/rides/active-driver
2025-09-09 00:31:07 Called: https://sdrivesapp.com/api/rides/cancel
2025-09-09 00:31:07 Called: https://sdrivesapp.com/api/captain/rides/accepted
2025-09-09 00:31:08 Called: https://sdrivesapp.com/api/driver/near/by/ride
2025-09-09 00:31:09 Called: https://sdrivesapp.com/api/rides/active-driver
2025-09-09 00:31:10 Called: https://sdrivesapp.com/api/rides/cancel
2025-09-09 00:31:10 Called: https://sdrivesapp.com/api/captain/rides/accepted
2025-09-09 00:31:11 Called: https://sdrivesapp.com/api/driver/near/by/ride
2025-09-09 00:31:13 Called: https://sdrivesapp.com/api/rides/active-driver
2025-09-09 00:31:13 Called: https://sdrivesapp.com/api/rides/cancel
2025-09-09 00:31:13 Called: https://sdrivesapp.com/api/captain/rides/accepted
2025-09-09 00:31:14 Called: https://sdrivesapp.com/api/driver/near/by/ride
2025-09-09 00:31:16 Called: https://sdrivesapp.com/api/rides/active-driver
2025-09-09 00:31:16 Called: https://sdrivesapp.com/api/rides/cancel
2025-09-09 00:31:16 Called: https://sdrivesapp.com/api/captain/rides/accepted
2025-09-09 00:31:17 Called: https://sdrivesapp.com/api/driver/near/by/ride
2025-09-09 00:31:19 Called: https://sdrivesapp.com/api/rides/active-driver
2025-09-09 00:31:20 Called: https://sdrivesapp.com/api/rides/cancel
2025-09-09 00:31:20 Called: https://sdrivesapp.com/api/captain/rides/accepted
2025-09-09 00:31:21 Called: https://sdrivesapp.com/api/driver/near/by/ride
2025-09-09 00:31:22 Called: https://sdrivesapp.com/api/rides/active-driver
2025-09-09 00:31:23 Called: https://sdrivesapp.com/api/rides/cancel
2025-09-09 00:31:23 Called: https://sdrivesapp.com/api/captain/rides/accepted
2025-09-09 00:31:24 Called: https://sdrivesapp.com/api/driver/near/by/ride
2025-09-09 00:31:26 Called: https://sdrivesapp.com/api/rides/active-driver
2025-09-09 00:31:26 Called: https://sdrivesapp.com/api/rides/cancel
2025-09-09 00:31:26 Called: https://sdrivesapp.com/api/captain/rides/accepted
2025-09-09 00:31:27 Called: https://sdrivesapp.com/api/driver/near/by/ride
2025-09-09 00:31:29 Called: https://sdrivesapp.com/api/rides/active-driver
2025-09-09 00:31:29 Called: https://sdrivesapp.com/api/rides/cancel
2025-09-09 00:31:29 Called: https://sdrivesapp.com/api/captain/rides/accepted
2025-09-09 00:31:30 Called: https://sdrivesapp.com/api/driver/near/by/ride
2025-09-09 00:31:32 Called: https://sdrivesapp.com/api/rides/active-driver
2025-09-09 00:31:32 Called: https://sdrivesapp.com/api/rides/cancel
2025-09-09 00:31:33 Called: https://sdrivesapp.com/api/captain/rides/accepted
2025-09-09 00:31:33 Called: https://sdrivesapp.com/api/driver/near/by/ride
2025-09-09 00:31:35 Called: https://sdrivesapp.com/api/rides/active-driver
2025-09-09 00:31:36 Called: https://sdrivesapp.com/api/rides/cancel
2025-09-09 00:31:36 Called: https://sdrivesapp.com/api/captain/rides/accepted
2025-09-09 00:31:36 Called: https://sdrivesapp.com/api/driver/near/by/ride
2025-09-09 00:31:38 Called: https://sdrivesapp.com/api/rides/active-driver
2025-09-09 00:31:39 Called: https://sdrivesapp.com/api/rides/cancel
2025-09-09 00:31:39 Called: https://sdrivesapp.com/api/captain/rides/accepted
2025-09-09 00:31:40 Called: https://sdrivesapp.com/api/driver/near/by/ride
2025-09-09 00:31:41 Called: https://sdrivesapp.com/api/rides/active-driver
2025-09-09 00:31:42 Called: https://sdrivesapp.com/api/rides/cancel
2025-09-09 00:31:42 Called: https://sdrivesapp.com/api/captain/rides/accepted
2025-09-09 00:31:43 Called: https://sdrivesapp.com/api/driver/near/by/ride
2025-09-09 00:31:45 Called: https://sdrivesapp.com/api/rides/active-driver
2025-09-09 00:31:45 Called: https://sdrivesapp.com/api/rides/cancel
2025-09-09 00:31:45 Called: https://sdrivesapp.com/api/captain/rides/accepted
2025-09-09 00:31:46 Called: https://sdrivesapp.com/api/driver/near/by/ride
2025-09-09 00:31:48 Called: https://sdrivesapp.com/api/rides/active-driver
2025-09-09 00:31:48 Called: https://sdrivesapp.com/api/rides/cancel
2025-09-09 00:31:49 Called: https://sdrivesapp.com/api/captain/rides/accepted
2025-09-09 00:31:49 Called: https://sdrivesapp.com/api/driver/near/by/ride
2025-09-09 00:31:51 Called: https://sdrivesapp.com/api/rides/active-driver
2025-09-09 00:31:52 Called: https://sdrivesapp.com/api/rides/cancel
2025-09-09 00:31:52 Called: https://sdrivesapp.com/api/captain/rides/accepted
2025-09-09 00:31:52 Called: https://sdrivesapp.com/api/driver/near/by/ride
2025-09-09 00:31:54 Called: https://sdrivesapp.com/api/rides/active-driver
2025-09-09 00:31:55 Called: https://sdrivesapp.com/api/rides/cancel
2025-09-09 00:31:55 Called: https://sdrivesapp.com/api/captain/rides/accepted
2025-09-09 00:31:56 Called: https://sdrivesapp.com/api/driver/near/by/ride
2025-09-09 00:31:57 Called: https://sdrivesapp.com/api/rides/active-driver
2025-09-09 00:31:58 Called: https://sdrivesapp.com/api/rides/cancel
2025-09-09 00:31:58 Called: https://sdrivesapp.com/api/captain/rides/accepted
2025-09-09 00:31:59 Called: https://sdrivesapp.com/api/driver/near/by/ride
2025-09-09 00:32:01 Called: https://sdrivesapp.com/api/rides/active-driver
2025-09-09 00:32:01 Called: https://sdrivesapp.com/api/rides/cancel
2025-09-09 00:32:01 Called: https://sdrivesapp.com/api/captain/rides/accepted
2025-09-09 00:32:02 Called: https://sdrivesapp.com/api/driver/near/by/ride
2025-09-09 00:32:04 Called: https://sdrivesapp.com/api/rides/active-driver
2025-09-09 00:32:05 Called: https://sdrivesapp.com/api/rides/cancel
2025-09-09 00:32:05 Called: https://sdrivesapp.com/api/captain/rides/accepted
2025-09-09 00:32:06 Called: https://sdrivesapp.com/api/driver/near/by/ride
2025-09-09 00:32:07 Called: https://sdrivesapp.com/api/rides/active-driver
2025-09-09 00:32:08 Called: https://sdrivesapp.com/api/rides/cancel
2025-09-09 00:32:08 Called: https://sdrivesapp.com/api/captain/rides/accepted
2025-09-09 00:32:09 Called: https://sdrivesapp.com/api/driver/near/by/ride
2025-09-09 00:32:10 Called: https://sdrivesapp.com/api/rides/active-driver
2025-09-09 00:32:11 Called: https://sdrivesapp.com/api/rides/cancel
2025-09-09 00:32:11 Called: https://sdrivesapp.com/api/captain/rides/accepted
2025-09-09 00:32:12 Called: https://sdrivesapp.com/api/driver/near/by/ride
2025-09-09 00:32:14 Called: https://sdrivesapp.com/api/rides/active-driver
2025-09-09 00:32:14 Called: https://sdrivesapp.com/api/rides/cancel
2025-09-09 00:32:14 Called: https://sdrivesapp.com/api/captain/rides/accepted
2025-09-09 00:32:15 Called: https://sdrivesapp.com/api/driver/near/by/ride
2025-09-09 00:32:17 Called: https://sdrivesapp.com/api/rides/active-driver
2025-09-09 00:32:17 Called: https://sdrivesapp.com/api/rides/cancel
2025-09-09 00:32:17 Called: https://sdrivesapp.com/api/captain/rides/accepted
2025-09-09 00:32:18 Called: https://sdrivesapp.com/api/driver/near/by/ride
2025-09-09 00:32:20 Called: https://sdrivesapp.com/api/rides/active-driver
2025-09-09 00:32:21 Called: https://sdrivesapp.com/api/rides/cancel
2025-09-09 00:32:21 Called: https://sdrivesapp.com/api/captain/rides/accepted
2025-09-09 00:32:22 Called: https://sdrivesapp.com/api/driver/near/by/ride
2025-09-09 00:32:23 Called: https://sdrivesapp.com/api/rides/active-driver
2025-09-09 00:32:24 Called: https://sdrivesapp.com/api/rides/cancel
2025-09-09 00:32:24 Called: https://sdrivesapp.com/api/captain/rides/accepted
2025-09-09 00:32:25 Called: https://sdrivesapp.com/api/driver/near/by/ride
2025-09-09 00:32:27 Called: https://sdrivesapp.com/api/rides/active-driver
2025-09-09 00:32:28 Called: https://sdrivesapp.com/api/rides/cancel
2025-09-09 00:32:28 Called: https://sdrivesapp.com/api/captain/rides/accepted
2025-09-09 00:32:29 Called: https://sdrivesapp.com/api/driver/near/by/ride
2025-09-09 00:32:30 Called: https://sdrivesapp.com/api/rides/active-driver
2025-09-09 00:32:31 Called: https://sdrivesapp.com/api/rides/cancel
2025-09-09 00:32:31 Called: https://sdrivesapp.com/api/captain/rides/accepted
2025-09-09 00:32:32 Called: https://sdrivesapp.com/api/driver/near/by/ride
2025-09-09 00:32:34 Called: https://sdrivesapp.com/api/rides/active-driver
2025-09-09 00:32:34 Called: https://sdrivesapp.com/api/rides/cancel
2025-09-09 00:32:34 Called: https://sdrivesapp.com/api/captain/rides/accepted
2025-09-09 00:32:35 Called: https://sdrivesapp.com/api/driver/near/by/ride
2025-09-09 00:32:37 Called: https://sdrivesapp.com/api/rides/active-driver
2025-09-09 00:32:37 Called: https://sdrivesapp.com/api/rides/cancel
2025-09-09 00:32:37 Called: https://sdrivesapp.com/api/captain/rides/accepted
2025-09-09 00:32:38 Called: https://sdrivesapp.com/api/driver/near/by/ride
2025-09-09 00:32:40 Called: https://sdrivesapp.com/api/rides/active-driver
2025-09-09 00:32:40 Called: https://sdrivesapp.com/api/rides/cancel
2025-09-09 00:32:40 Called: https://sdrivesapp.com/api/captain/rides/accepted
2025-09-09 00:32:41 Called: https://sdrivesapp.com/api/driver/near/by/ride
2025-09-09 00:32:43 Called: https://sdrivesapp.com/api/rides/active-driver
2025-09-09 00:32:44 Called: https://sdrivesapp.com/api/rides/cancel
2025-09-09 00:32:44 Called: https://sdrivesapp.com/api/captain/rides/accepted
2025-09-09 00:32:44 Called: https://sdrivesapp.com/api/driver/near/by/ride
2025-09-09 00:32:46 Called: https://sdrivesapp.com/api/rides/active-driver
2025-09-09 00:32:47 Called: https://sdrivesapp.com/api/rides/cancel
2025-09-09 00:32:47 Called: https://sdrivesapp.com/api/captain/rides/accepted
2025-09-09 00:32:47 Called: https://sdrivesapp.com/api/driver/near/by/ride
2025-09-09 00:32:49 Called: https://sdrivesapp.com/api/rides/active-driver
2025-09-09 00:32:50 Called: https://sdrivesapp.com/api/rides/cancel
2025-09-09 00:32:50 Called: https://sdrivesapp.com/api/captain/rides/accepted
2025-09-09 00:32:51 Called: https://sdrivesapp.com/api/driver/near/by/ride
2025-09-09 00:32:52 Called: https://sdrivesapp.com/api/rides/active-driver
2025-09-09 00:32:53 Called: https://sdrivesapp.com/api/rides/cancel
2025-09-09 00:32:53 Called: https://sdrivesapp.com/api/captain/rides/accepted
2025-09-09 00:32:54 Called: https://sdrivesapp.com/api/driver/near/by/ride
2025-09-09 00:32:56 Called: https://sdrivesapp.com/api/rides/active-driver
2025-09-09 00:32:56 Called: https://sdrivesapp.com/api/rides/cancel
2025-09-09 00:32:56 Called: https://sdrivesapp.com/api/captain/rides/accepted
2025-09-09 00:32:57 Called: https://sdrivesapp.com/api/driver/near/by/ride
2025-09-09 00:32:59 Called: https://sdrivesapp.com/api/rides/active-driver
2025-09-09 00:33:00 Called: https://sdrivesapp.com/api/rides/cancel
2025-09-09 00:33:00 Called: https://sdrivesapp.com/api/captain/rides/accepted
2025-09-09 00:33:00 Called: https://sdrivesapp.com/api/driver/near/by/ride
2025-09-09 00:33:02 Called: https://sdrivesapp.com/api/rides/active-driver
2025-09-09 00:33:03 Called: https://sdrivesapp.com/api/rides/cancel
2025-09-09 00:33:03 Called: https://sdrivesapp.com/api/captain/rides/accepted
2025-09-09 00:33:04 Called: https://sdrivesapp.com/api/driver/near/by/ride
2025-09-09 00:33:05 Called: https://sdrivesapp.com/api/rides/active-driver
2025-09-09 00:33:06 Called: https://sdrivesapp.com/api/rides/cancel
2025-09-09 00:33:06 Called: https://sdrivesapp.com/api/captain/rides/accepted
2025-09-09 00:33:07 Called: https://sdrivesapp.com/api/driver/near/by/ride
2025-09-09 00:33:08 Called: https://sdrivesapp.com/api/rides/active-driver
2025-09-09 00:33:09 Called: https://sdrivesapp.com/api/rides/cancel
2025-09-09 00:33:09 Called: https://sdrivesapp.com/api/captain/rides/accepted
2025-09-09 00:33:10 Called: https://sdrivesapp.com/api/driver/near/by/ride
2025-09-09 00:33:11 Called: https://sdrivesapp.com/api/rides/active-driver
2025-09-09 00:33:12 Called: https://sdrivesapp.com/api/rides/cancel
2025-09-09 00:33:12 Called: https://sdrivesapp.com/api/captain/rides/accepted
2025-09-09 00:33:13 Called: https://sdrivesapp.com/api/driver/near/by/ride
2025-09-09 00:33:15 Called: https://sdrivesapp.com/api/rides/active-driver
2025-09-09 00:33:16 Called: https://sdrivesapp.com/api/rides/cancel
2025-09-09 00:33:16 Called: https://sdrivesapp.com/api/captain/rides/accepted
2025-09-09 00:33:17 Called: https://sdrivesapp.com/api/driver/near/by/ride
2025-09-09 00:33:18 Called: https://sdrivesapp.com/api/rides/active-driver
2025-09-09 00:33:19 Called: https://sdrivesapp.com/api/rides/cancel
2025-09-09 00:33:19 Called: https://sdrivesapp.com/api/captain/rides/accepted
2025-09-09 00:33:20 Called: https://sdrivesapp.com/api/driver/near/by/ride
2025-09-09 00:33:22 Called: https://sdrivesapp.com/api/rides/active-driver
2025-09-09 00:33:22 Called: https://sdrivesapp.com/api/rides/cancel
2025-09-09 00:33:22 Called: https://sdrivesapp.com/api/captain/rides/accepted
2025-09-09 00:33:23 Called: https://sdrivesapp.com/api/driver/near/by/ride
2025-09-09 00:33:25 Called: https://sdrivesapp.com/api/rides/active-driver
2025-09-09 00:33:26 Called: https://sdrivesapp.com/api/rides/cancel
2025-09-09 00:33:26 Called: https://sdrivesapp.com/api/captain/rides/accepted
2025-09-09 00:33:26 Called: https://sdrivesapp.com/api/driver/near/by/ride
2025-09-09 00:33:28 Called: https://sdrivesapp.com/api/rides/active-driver
2025-09-09 00:33:29 Called: https://sdrivesapp.com/api/rides/cancel
2025-09-09 00:33:29 Called: https://sdrivesapp.com/api/captain/rides/accepted
2025-09-09 00:33:30 Called: https://sdrivesapp.com/api/driver/near/by/ride
2025-09-09 00:33:31 Called: https://sdrivesapp.com/api/rides/active-driver
2025-09-09 00:33:32 Called: https://sdrivesapp.com/api/rides/cancel
2025-09-09 00:33:32 Called: https://sdrivesapp.com/api/captain/rides/accepted
2025-09-09 00:33:33 Called: https://sdrivesapp.com/api/driver/near/by/ride
2025-09-09 00:33:35 Called: https://sdrivesapp.com/api/rides/active-driver
2025-09-09 00:33:35 Called: https://sdrivesapp.com/api/rides/cancel
2025-09-09 00:33:35 Called: https://sdrivesapp.com/api/captain/rides/accepted
2025-09-09 00:33:36 Called: https://sdrivesapp.com/api/driver/near/by/ride
2025-09-09 00:33:38 Called: https://sdrivesapp.com/api/rides/active-driver
2025-09-09 00:33:39 Called: https://sdrivesapp.com/api/rides/cancel
2025-09-09 00:33:39 Called: https://sdrivesapp.com/api/captain/rides/accepted
2025-09-09 00:33:40 Called: https://sdrivesapp.com/api/driver/near/by/ride
2025-09-09 00:33:41 Called: https://sdrivesapp.com/api/rides/active-driver
2025-09-09 00:33:42 Called: https://sdrivesapp.com/api/rides/cancel
2025-09-09 00:33:42 Called: https://sdrivesapp.com/api/captain/rides/accepted
2025-09-09 00:33:43 Called: https://sdrivesapp.com/api/driver/near/by/ride
2025-09-09 00:33:45 Called: https://sdrivesapp.com/api/rides/active-driver
2025-09-09 00:33:46 Called: https://sdrivesapp.com/api/rides/cancel
2025-09-09 00:33:46 Called: https://sdrivesapp.com/api/captain/rides/accepted
2025-09-09 00:33:46 Called: https://sdrivesapp.com/api/driver/near/by/ride
2025-09-09 00:33:48 Called: https://sdrivesapp.com/api/rides/active-driver
2025-09-09 00:33:49 Called: https://sdrivesapp.com/api/rides/cancel
2025-09-09 00:33:49 Called: https://sdrivesapp.com/api/captain/rides/accepted
2025-09-09 00:33:50 Called: https://sdrivesapp.com/api/driver/near/by/ride
2025-09-09 00:33:52 Called: https://sdrivesapp.com/api/rides/active-driver
2025-09-09 00:33:52 Called: https://sdrivesapp.com/api/rides/cancel
2025-09-09 00:33:52 Called: https://sdrivesapp.com/api/captain/rides/accepted
2025-09-09 00:33:53 Called: https://sdrivesapp.com/api/driver/near/by/ride
2025-09-09 00:33:55 Called: https://sdrivesapp.com/api/rides/active-driver
2025-09-09 00:33:56 Called: https://sdrivesapp.com/api/rides/cancel
2025-09-09 00:33:56 Called: https://sdrivesapp.com/api/captain/rides/accepted
2025-09-09 00:33:57 Called: https://sdrivesapp.com/api/driver/near/by/ride
2025-09-09 00:33:58 Called: https://sdrivesapp.com/api/rides/active-driver
2025-09-09 00:33:59 Called: https://sdrivesapp.com/api/rides/cancel
2025-09-09 00:33:59 Called: https://sdrivesapp.com/api/captain/rides/accepted
2025-09-09 00:34:00 Called: https://sdrivesapp.com/api/driver/near/by/ride
2025-09-09 00:34:02 Called: https://sdrivesapp.com/api/rides/active-driver
2025-09-09 00:34:03 Called: https://sdrivesapp.com/api/rides/cancel
2025-09-09 00:34:03 Called: https://sdrivesapp.com/api/captain/rides/accepted
2025-09-09 00:34:04 Called: https://sdrivesapp.com/api/driver/near/by/ride
2025-09-09 00:34:06 Called: https://sdrivesapp.com/api/rides/active-driver
2025-09-09 00:34:06 Called: https://sdrivesapp.com/api/rides/cancel
2025-09-09 00:34:06 Called: https://sdrivesapp.com/api/captain/rides/accepted
2025-09-09 00:34:07 Called: https://sdrivesapp.com/api/driver/near/by/ride
2025-09-09 00:34:09 Called: https://sdrivesapp.com/api/rides/active-driver
2025-09-09 00:34:10 Called: https://sdrivesapp.com/api/rides/cancel
2025-09-09 00:34:10 Called: https://sdrivesapp.com/api/captain/rides/accepted
2025-09-09 00:34:11 Called: https://sdrivesapp.com/api/driver/near/by/ride
2025-09-09 00:34:13 Called: https://sdrivesapp.com/api/rides/active-driver
2025-09-09 00:34:13 Called: https://sdrivesapp.com/api/rides/cancel
2025-09-09 00:34:13 Called: https://sdrivesapp.com/api/captain/rides/accepted
2025-09-09 00:34:14 Called: https://sdrivesapp.com/api/driver/near/by/ride
2025-09-09 00:34:16 Called: https://sdrivesapp.com/api/rides/active-driver
2025-09-09 00:34:17 Called: https://sdrivesapp.com/api/rides/cancel
2025-09-09 00:34:17 Called: https://sdrivesapp.com/api/captain/rides/accepted
2025-09-09 00:34:18 Called: https://sdrivesapp.com/api/driver/near/by/ride
2025-09-09 00:34:20 Called: https://sdrivesapp.com/api/rides/active-driver
2025-09-09 00:34:20 Called: https://sdrivesapp.com/api/rides/cancel
2025-09-09 00:34:20 Called: https://sdrivesapp.com/api/captain/rides/accepted
2025-09-09 00:34:21 Called: https://sdrivesapp.com/api/driver/near/by/ride
2025-09-09 00:34:23 Called: https://sdrivesapp.com/api/rides/active-driver
2025-09-09 00:34:24 Called: https://sdrivesapp.com/api/rides/cancel
2025-09-09 00:34:24 Called: https://sdrivesapp.com/api/captain/rides/accepted
2025-09-09 00:34:25 Called: https://sdrivesapp.com/api/driver/near/by/ride
2025-09-09 00:34:27 Called: https://sdrivesapp.com/api/rides/active-driver
2025-09-09 00:34:28 Called: https://sdrivesapp.com/api/rides/cancel
2025-09-09 00:34:28 Called: https://sdrivesapp.com/api/captain/rides/accepted
2025-09-09 00:34:28 Called: https://sdrivesapp.com/api/driver/near/by/ride
2025-09-09 00:34:30 Called: https://sdrivesapp.com/api/rides/active-driver
2025-09-09 00:34:31 Called: https://sdrivesapp.com/api/rides/cancel
2025-09-09 00:34:31 Called: https://sdrivesapp.com/api/captain/rides/accepted
2025-09-09 00:34:32 Called: https://sdrivesapp.com/api/driver/near/by/ride
2025-09-09 00:34:34 Called: https://sdrivesapp.com/api/rides/active-driver
2025-09-09 00:34:35 Called: https://sdrivesapp.com/api/rides/cancel
2025-09-09 00:34:35 Called: https://sdrivesapp.com/api/captain/rides/accepted
2025-09-09 00:34:36 Called: https://sdrivesapp.com/api/driver/near/by/ride
2025-09-09 00:34:37 Called: https://sdrivesapp.com/api/rides/active-driver
2025-09-09 00:34:38 Called: https://sdrivesapp.com/api/rides/cancel
2025-09-09 00:34:38 Called: https://sdrivesapp.com/api/captain/rides/accepted
2025-09-09 00:34:39 Called: https://sdrivesapp.com/api/driver/near/by/ride
2025-09-09 00:34:41 Called: https://sdrivesapp.com/api/rides/active-driver
2025-09-09 00:34:42 Called: https://sdrivesapp.com/api/rides/cancel
2025-09-09 00:34:42 Called: https://sdrivesapp.com/api/captain/rides/accepted
2025-09-09 00:34:43 Called: https://sdrivesapp.com/api/driver/near/by/ride
2025-09-09 00:34:45 Called: https://sdrivesapp.com/api/rides/active-driver
2025-09-09 00:34:46 Called: https://sdrivesapp.com/api/rides/cancel
2025-09-09 00:34:46 Called: https://sdrivesapp.com/api/captain/rides/accepted
2025-09-09 00:34:47 Called: https://sdrivesapp.com/api/driver/near/by/ride
2025-09-09 00:34:49 Called: https://sdrivesapp.com/api/rides/active-driver
2025-09-09 00:34:49 Called: https://sdrivesapp.com/api/rides/cancel
2025-09-09 00:34:49 Called: https://sdrivesapp.com/api/captain/rides/accepted
2025-09-09 00:34:50 Called: https://sdrivesapp.com/api/driver/near/by/ride
2025-09-09 00:34:52 Called: https://sdrivesapp.com/api/rides/active-driver
2025-09-09 00:34:53 Called: https://sdrivesapp.com/api/rides/cancel
2025-09-09 00:34:53 Called: https://sdrivesapp.com/api/captain/rides/accepted
2025-09-09 00:34:54 Called: https://sdrivesapp.com/api/driver/near/by/ride
2025-09-09 00:34:56 Called: https://sdrivesapp.com/api/rides/active-driver
2025-09-09 00:34:56 Called: https://sdrivesapp.com/api/rides/cancel
2025-09-09 00:34:57 Called: https://sdrivesapp.com/api/captain/rides/accepted
2025-09-09 00:34:57 Called: https://sdrivesapp.com/api/driver/near/by/ride
2025-09-09 00:34:59 Called: https://sdrivesapp.com/api/rides/active-driver
2025-09-09 00:35:00 Called: https://sdrivesapp.com/api/rides/cancel
2025-09-09 00:35:00 Called: https://sdrivesapp.com/api/captain/rides/accepted
2025-09-09 00:35:01 Called: https://sdrivesapp.com/api/driver/near/by/ride
2025-09-09 00:35:03 Called: https://sdrivesapp.com/api/rides/active-driver
2025-09-09 00:35:04 Called: https://sdrivesapp.com/api/rides/cancel
2025-09-09 00:35:04 Called: https://sdrivesapp.com/api/captain/rides/accepted
2025-09-09 00:35:05 Called: https://sdrivesapp.com/api/driver/near/by/ride
2025-09-09 00:35:07 Called: https://sdrivesapp.com/api/rides/active-driver
2025-09-09 00:35:07 Called: https://sdrivesapp.com/api/rides/cancel
2025-09-09 00:35:07 Called: https://sdrivesapp.com/api/captain/rides/accepted
2025-09-09 00:35:08 Called: https://sdrivesapp.com/api/driver/near/by/ride
2025-09-09 00:35:10 Called: https://sdrivesapp.com/api/rides/active-driver
2025-09-09 00:35:11 Called: https://sdrivesapp.com/api/rides/cancel
2025-09-09 00:35:11 Called: https://sdrivesapp.com/api/captain/rides/accepted
2025-09-09 00:35:12 Called: https://sdrivesapp.com/api/driver/near/by/ride
2025-09-09 00:35:14 Called: https://sdrivesapp.com/api/rides/active-driver
2025-09-09 00:35:14 Called: https://sdrivesapp.com/api/rides/cancel
2025-09-09 00:35:14 Called: https://sdrivesapp.com/api/captain/rides/accepted
2025-09-09 00:35:15 Called: https://sdrivesapp.com/api/driver/near/by/ride
2025-09-09 00:35:17 Called: https://sdrivesapp.com/api/rides/active-driver
2025-09-09 00:35:18 Called: https://sdrivesapp.com/api/rides/cancel
2025-09-09 00:35:18 Called: https://sdrivesapp.com/api/captain/rides/accepted
2025-09-09 00:35:19 Called: https://sdrivesapp.com/api/driver/near/by/ride
2025-09-09 00:35:21 Called: https://sdrivesapp.com/api/rides/active-driver
2025-09-09 00:35:21 Called: https://sdrivesapp.com/api/rides/cancel
2025-09-09 00:35:21 Called: https://sdrivesapp.com/api/captain/rides/accepted
2025-09-09 00:35:22 Called: https://sdrivesapp.com/api/driver/near/by/ride
2025-09-09 00:35:24 Called: https://sdrivesapp.com/api/rides/active-driver
2025-09-09 00:35:25 Called: https://sdrivesapp.com/api/rides/cancel
2025-09-09 00:35:25 Called: https://sdrivesapp.com/api/captain/rides/accepted
2025-09-09 00:35:26 Called: https://sdrivesapp.com/api/driver/near/by/ride
2025-09-09 00:35:28 Called: https://sdrivesapp.com/api/rides/active-driver
2025-09-09 00:35:29 Called: https://sdrivesapp.com/api/rides/cancel
2025-09-09 00:35:29 Called: https://sdrivesapp.com/api/captain/rides/accepted
2025-09-09 00:35:30 Called: https://sdrivesapp.com/api/driver/near/by/ride
2025-09-09 00:35:31 Called: https://sdrivesapp.com/api/rides/active-driver
2025-09-09 00:35:32 Called: https://sdrivesapp.com/api/rides/cancel
2025-09-09 00:35:32 Called: https://sdrivesapp.com/api/captain/rides/accepted
2025-09-09 00:35:33 Called: https://sdrivesapp.com/api/driver/near/by/ride
2025-09-09 00:35:35 Called: https://sdrivesapp.com/api/rides/active-driver
2025-09-09 00:35:36 Called: https://sdrivesapp.com/api/rides/cancel
2025-09-09 00:35:36 Called: https://sdrivesapp.com/api/captain/rides/accepted
2025-09-09 00:35:36 Called: https://sdrivesapp.com/api/driver/near/by/ride
2025-09-09 00:35:38 Called: https://sdrivesapp.com/api/rides/active-driver
2025-09-09 00:35:39 Called: https://sdrivesapp.com/api/rides/cancel
2025-09-09 00:35:39 Called: https://sdrivesapp.com/api/captain/rides/accepted
2025-09-09 00:35:40 Called: https://sdrivesapp.com/api/driver/near/by/ride
2025-09-09 00:35:42 Called: https://sdrivesapp.com/api/rides/active-driver
2025-09-09 00:35:43 Called: https://sdrivesapp.com/api/rides/cancel
2025-09-09 00:35:43 Called: https://sdrivesapp.com/api/captain/rides/accepted
2025-09-09 00:35:43 Called: https://sdrivesapp.com/api/driver/near/by/ride
2025-09-09 00:35:45 Called: https://sdrivesapp.com/api/rides/active-driver
2025-09-09 00:35:46 Called: https://sdrivesapp.com/api/rides/cancel
2025-09-09 00:35:46 Called: https://sdrivesapp.com/api/captain/rides/accepted
2025-09-09 00:35:47 Called: https://sdrivesapp.com/api/driver/near/by/ride
2025-09-09 00:35:49 Called: https://sdrivesapp.com/api/rides/active-driver
2025-09-09 00:35:49 Called: https://sdrivesapp.com/api/rides/cancel
2025-09-09 00:35:49 Called: https://sdrivesapp.com/api/captain/rides/accepted
2025-09-09 00:35:50 Called: https://sdrivesapp.com/api/driver/near/by/ride
2025-09-09 00:35:52 Called: https://sdrivesapp.com/api/rides/active-driver
2025-09-09 00:35:53 Called: https://sdrivesapp.com/api/rides/cancel
2025-09-09 00:35:53 Called: https://sdrivesapp.com/api/captain/rides/accepted
2025-09-09 00:35:54 Called: https://sdrivesapp.com/api/driver/near/by/ride
2025-09-09 00:35:55 Called: https://sdrivesapp.com/api/rides/active-driver
2025-09-09 00:35:56 Called: https://sdrivesapp.com/api/rides/cancel
2025-09-09 00:35:56 Called: https://sdrivesapp.com/api/captain/rides/accepted
2025-09-09 00:35:57 Called: https://sdrivesapp.com/api/driver/near/by/ride
2025-09-09 00:35:58 Called: https://sdrivesapp.com/api/rides/active-driver
2025-09-09 00:35:59 Called: https://sdrivesapp.com/api/rides/cancel
2025-09-09 00:35:59 Called: https://sdrivesapp.com/api/captain/rides/accepted
2025-09-09 00:36:00 Called: https://sdrivesapp.com/api/driver/near/by/ride
2025-09-09 00:36:02 Called: https://sdrivesapp.com/api/rides/active-driver
2025-09-09 00:36:03 Called: https://sdrivesapp.com/api/rides/cancel
2025-09-09 00:36:03 Called: https://sdrivesapp.com/api/captain/rides/accepted
2025-09-09 00:36:04 Called: https://sdrivesapp.com/api/driver/near/by/ride
2025-09-09 00:36:06 Called: https://sdrivesapp.com/api/rides/active-driver
2025-09-09 00:36:07 Called: https://sdrivesapp.com/api/rides/cancel
2025-09-09 00:36:07 Called: https://sdrivesapp.com/api/captain/rides/accepted
2025-09-09 00:36:08 Called: https://sdrivesapp.com/api/driver/near/by/ride
2025-09-09 00:36:09 Called: https://sdrivesapp.com/api/rides/active-driver
2025-09-09 00:36:10 Called: https://sdrivesapp.com/api/rides/cancel
2025-09-09 00:36:10 Called: https://sdrivesapp.com/api/captain/rides/accepted
2025-09-09 00:36:11 Called: https://sdrivesapp.com/api/driver/near/by/ride
2025-09-09 00:36:13 Called: https://sdrivesapp.com/api/rides/active-driver
2025-09-09 00:36:13 Called: https://sdrivesapp.com/api/rides/cancel
2025-09-09 00:36:13 Called: https://sdrivesapp.com/api/captain/rides/accepted
2025-09-09 00:36:14 Called: https://sdrivesapp.com/api/driver/near/by/ride
2025-09-09 00:36:16 Called: https://sdrivesapp.com/api/rides/active-driver
2025-09-09 00:36:17 Called: https://sdrivesapp.com/api/rides/cancel
2025-09-09 00:36:17 Called: https://sdrivesapp.com/api/captain/rides/accepted
2025-09-09 00:36:18 Called: https://sdrivesapp.com/api/driver/near/by/ride
2025-09-09 00:36:19 Called: https://sdrivesapp.com/api/rides/active-driver
2025-09-09 00:36:20 Called: https://sdrivesapp.com/api/rides/cancel
2025-09-09 00:36:20 Called: https://sdrivesapp.com/api/captain/rides/accepted
2025-09-09 00:36:21 Called: https://sdrivesapp.com/api/driver/near/by/ride
2025-09-09 00:36:23 Called: https://sdrivesapp.com/api/rides/active-driver
2025-09-09 00:36:24 Called: https://sdrivesapp.com/api/rides/cancel
2025-09-09 00:36:24 Called: https://sdrivesapp.com/api/captain/rides/accepted
2025-09-09 00:36:24 Called: https://sdrivesapp.com/api/driver/near/by/ride
2025-09-09 00:36:26 Called: https://sdrivesapp.com/api/rides/active-driver
2025-09-09 00:36:27 Called: https://sdrivesapp.com/api/rides/cancel
2025-09-09 00:36:27 Called: https://sdrivesapp.com/api/captain/rides/accepted
2025-09-09 00:36:29 Called: https://sdrivesapp.com/api/driver/near/by/ride
2025-09-09 00:36:31 Called: https://sdrivesapp.com/api/rides/active-driver
2025-09-09 00:36:32 Called: https://sdrivesapp.com/api/rides/cancel
2025-09-09 00:36:32 Called: https://sdrivesapp.com/api/captain/rides/accepted
2025-09-09 00:36:32 Called: https://sdrivesapp.com/api/driver/near/by/ride
2025-09-09 00:36:34 Called: https://sdrivesapp.com/api/rides/active-driver
2025-09-09 00:36:35 Called: https://sdrivesapp.com/api/rides/cancel
2025-09-09 00:36:35 Called: https://sdrivesapp.com/api/captain/rides/accepted
2025-09-09 00:36:36 Called: https://sdrivesapp.com/api/driver/near/by/ride
2025-09-09 00:36:37 Called: https://sdrivesapp.com/api/rides/active-driver
2025-09-09 00:36:38 Called: https://sdrivesapp.com/api/rides/cancel
2025-09-09 00:36:38 Called: https://sdrivesapp.com/api/captain/rides/accepted
2025-09-09 00:36:39 Called: https://sdrivesapp.com/api/driver/near/by/ride
2025-09-09 00:36:41 Called: https://sdrivesapp.com/api/rides/active-driver
2025-09-09 00:36:42 Called: https://sdrivesapp.com/api/rides/cancel
2025-09-09 00:36:42 Called: https://sdrivesapp.com/api/captain/rides/accepted
2025-09-09 00:36:43 Called: https://sdrivesapp.com/api/driver/near/by/ride
2025-09-09 00:36:45 Called: https://sdrivesapp.com/api/rides/active-driver
2025-09-09 00:36:46 Called: https://sdrivesapp.com/api/rides/cancel
2025-09-09 00:36:46 Called: https://sdrivesapp.com/api/captain/rides/accepted
2025-09-09 00:36:47 Called: https://sdrivesapp.com/api/driver/near/by/ride
2025-09-09 00:36:48 Called: https://sdrivesapp.com/api/rides/active-driver
2025-09-09 00:36:49 Called: https://sdrivesapp.com/api/rides/cancel
2025-09-09 00:36:49 Called: https://sdrivesapp.com/api/captain/rides/accepted
2025-09-09 00:36:50 Called: https://sdrivesapp.com/api/driver/near/by/ride
2025-09-09 00:36:52 Called: https://sdrivesapp.com/api/rides/active-driver
2025-09-09 00:36:53 Called: https://sdrivesapp.com/api/rides/cancel
2025-09-09 00:36:53 Called: https://sdrivesapp.com/api/captain/rides/accepted
2025-09-09 00:36:53 Called: https://sdrivesapp.com/api/driver/near/by/ride
2025-09-09 00:36:55 Called: https://sdrivesapp.com/api/rides/active-driver
2025-09-09 00:36:56 Called: https://sdrivesapp.com/api/rides/cancel
2025-09-09 00:36:56 Called: https://sdrivesapp.com/api/captain/rides/accepted
2025-09-09 00:36:57 Called: https://sdrivesapp.com/api/driver/near/by/ride
2025-09-09 00:36:58 Called: https://sdrivesapp.com/api/rides/active-driver
2025-09-09 00:36:59 Called: https://sdrivesapp.com/api/rides/cancel
2025-09-09 00:36:59 Called: https://sdrivesapp.com/api/captain/rides/accepted
2025-09-09 00:37:00 Called: https://sdrivesapp.com/api/driver/near/by/ride
2025-09-09 00:37:02 Called: https://sdrivesapp.com/api/rides/active-driver
2025-09-09 00:37:02 Called: https://sdrivesapp.com/api/rides/cancel
2025-09-09 00:37:02 Called: https://sdrivesapp.com/api/captain/rides/accepted
2025-09-09 00:37:03 Called: https://sdrivesapp.com/api/driver/near/by/ride
2025-09-09 00:37:05 Called: https://sdrivesapp.com/api/rides/active-driver
2025-09-09 00:37:06 Called: https://sdrivesapp.com/api/rides/cancel
2025-09-09 00:37:06 Called: https://sdrivesapp.com/api/captain/rides/accepted
2025-09-09 00:37:06 Called: https://sdrivesapp.com/api/driver/near/by/ride
2025-09-09 00:37:08 Called: https://sdrivesapp.com/api/rides/active-driver
2025-09-09 00:37:09 Called: https://sdrivesapp.com/api/rides/cancel
2025-09-09 00:37:09 Called: https://sdrivesapp.com/api/captain/rides/accepted
2025-09-09 00:37:10 Called: https://sdrivesapp.com/api/driver/near/by/ride
2025-09-09 00:37:12 Called: https://sdrivesapp.com/api/rides/active-driver
2025-09-09 00:37:12 Called: https://sdrivesapp.com/api/rides/cancel
2025-09-09 00:37:12 Called: https://sdrivesapp.com/api/captain/rides/accepted
2025-09-09 00:37:13 Called: https://sdrivesapp.com/api/driver/near/by/ride
2025-09-09 00:37:15 Called: https://sdrivesapp.com/api/rides/active-driver
2025-09-09 00:37:15 Called: https://sdrivesapp.com/api/rides/cancel
2025-09-09 00:37:16 Called: https://sdrivesapp.com/api/captain/rides/accepted
2025-09-09 00:37:16 Called: https://sdrivesapp.com/api/driver/near/by/ride
2025-09-09 00:37:18 Called: https://sdrivesapp.com/api/rides/active-driver
2025-09-09 00:37:19 Called: https://sdrivesapp.com/api/rides/cancel
2025-09-09 00:37:19 Called: https://sdrivesapp.com/api/captain/rides/accepted
2025-09-09 00:37:20 Called: https://sdrivesapp.com/api/driver/near/by/ride
2025-09-09 00:37:21 Called: https://sdrivesapp.com/api/rides/active-driver
2025-09-09 00:37:22 Called: https://sdrivesapp.com/api/rides/cancel
2025-09-09 00:37:22 Called: https://sdrivesapp.com/api/captain/rides/accepted
2025-09-09 00:37:23 Called: https://sdrivesapp.com/api/driver/near/by/ride
2025-09-09 00:37:25 Called: https://sdrivesapp.com/api/rides/active-driver
2025-09-09 00:37:25 Called: https://sdrivesapp.com/api/rides/cancel
2025-09-09 00:37:25 Called: https://sdrivesapp.com/api/captain/rides/accepted
2025-09-09 00:37:26 Called: https://sdrivesapp.com/api/driver/near/by/ride
2025-09-09 00:37:28 Called: https://sdrivesapp.com/api/rides/active-driver
2025-09-09 00:37:29 Called: https://sdrivesapp.com/api/rides/cancel
2025-09-09 00:37:29 Called: https://sdrivesapp.com/api/captain/rides/accepted
2025-09-09 00:37:30 Called: https://sdrivesapp.com/api/driver/near/by/ride
2025-09-09 00:37:31 Called: https://sdrivesapp.com/api/rides/active-driver
2025-09-09 00:37:32 Called: https://sdrivesapp.com/api/rides/cancel
2025-09-09 00:37:32 Called: https://sdrivesapp.com/api/captain/rides/accepted
2025-09-09 00:37:33 Called: https://sdrivesapp.com/api/driver/near/by/ride
2025-09-09 00:37:34 Called: https://sdrivesapp.com/api/rides/active-driver
2025-09-09 00:37:35 Called: https://sdrivesapp.com/api/rides/cancel
2025-09-09 00:37:35 Called: https://sdrivesapp.com/api/captain/rides/accepted
2025-09-09 00:37:36 Called: https://sdrivesapp.com/api/driver/near/by/ride
2025-09-09 00:37:37 Called: https://sdrivesapp.com/api/rides/active-driver
2025-09-09 00:37:38 Called: https://sdrivesapp.com/api/rides/cancel
2025-09-09 00:37:38 Called: https://sdrivesapp.com/api/captain/rides/accepted
2025-09-09 00:37:39 Called: https://sdrivesapp.com/api/driver/near/by/ride
2025-09-09 00:37:40 Called: https://sdrivesapp.com/api/rides/active-driver
2025-09-09 00:37:41 Called: https://sdrivesapp.com/api/rides/cancel
2025-09-09 00:37:41 Called: https://sdrivesapp.com/api/captain/rides/accepted
2025-09-09 00:37:42 Called: https://sdrivesapp.com/api/driver/near/by/ride
2025-09-09 00:37:43 Called: https://sdrivesapp.com/api/rides/active-driver
2025-09-09 00:37:44 Called: https://sdrivesapp.com/api/rides/cancel
2025-09-09 00:37:44 Called: https://sdrivesapp.com/api/captain/rides/accepted
2025-09-09 00:37:45 Called: https://sdrivesapp.com/api/driver/near/by/ride
2025-09-09 00:37:47 Called: https://sdrivesapp.com/api/rides/active-driver
2025-09-09 00:37:48 Called: https://sdrivesapp.com/api/rides/cancel
2025-09-09 00:37:48 Called: https://sdrivesapp.com/api/captain/rides/accepted
2025-09-09 00:37:48 Called: https://sdrivesapp.com/api/driver/near/by/ride
2025-09-09 00:37:50 Called: https://sdrivesapp.com/api/rides/active-driver
2025-09-09 00:37:51 Called: https://sdrivesapp.com/api/rides/cancel
2025-09-09 00:37:51 Called: https://sdrivesapp.com/api/captain/rides/accepted
2025-09-09 00:37:52 Called: https://sdrivesapp.com/api/driver/near/by/ride
2025-09-09 00:37:54 Called: https://sdrivesapp.com/api/rides/active-driver
2025-09-09 00:37:55 Called: https://sdrivesapp.com/api/rides/cancel
2025-09-09 00:37:55 Called: https://sdrivesapp.com/api/captain/rides/accepted
2025-09-09 00:37:56 Called: https://sdrivesapp.com/api/driver/near/by/ride
2025-09-09 00:37:58 Called: https://sdrivesapp.com/api/rides/active-driver
2025-09-09 00:37:58 Called: https://sdrivesapp.com/api/rides/cancel
2025-09-09 00:37:58 Called: https://sdrivesapp.com/api/captain/rides/accepted
2025-09-09 00:37:59 Called: https://sdrivesapp.com/api/driver/near/by/ride
2025-09-09 00:38:01 Called: https://sdrivesapp.com/api/rides/active-driver
2025-09-09 00:38:02 Called: https://sdrivesapp.com/api/rides/cancel
2025-09-09 00:38:02 Called: https://sdrivesapp.com/api/captain/rides/accepted
2025-09-09 00:38:02 Called: https://sdrivesapp.com/api/driver/near/by/ride
2025-09-09 00:38:04 Called: https://sdrivesapp.com/api/rides/active-driver
2025-09-09 00:38:05 Called: https://sdrivesapp.com/api/rides/cancel
2025-09-09 00:38:05 Called: https://sdrivesapp.com/api/captain/rides/accepted
2025-09-09 00:38:06 Called: https://sdrivesapp.com/api/driver/near/by/ride
2025-09-09 00:38:08 Called: https://sdrivesapp.com/api/rides/active-driver
2025-09-09 00:38:08 Called: https://sdrivesapp.com/api/rides/cancel
2025-09-09 00:38:08 Called: https://sdrivesapp.com/api/captain/rides/accepted
2025-09-09 00:38:09 Called: https://sdrivesapp.com/api/driver/near/by/ride
2025-09-09 00:38:11 Called: https://sdrivesapp.com/api/rides/active-driver
2025-09-09 00:38:12 Called: https://sdrivesapp.com/api/rides/cancel
2025-09-09 00:38:12 Called: https://sdrivesapp.com/api/captain/rides/accepted
2025-09-09 00:38:12 Called: https://sdrivesapp.com/api/driver/near/by/ride
2025-09-09 00:38:14 Called: https://sdrivesapp.com/api/rides/active-driver
2025-09-09 00:38:15 Called: https://sdrivesapp.com/api/rides/cancel
2025-09-09 00:38:15 Called: https://sdrivesapp.com/api/captain/rides/accepted
2025-09-09 00:38:16 Called: https://sdrivesapp.com/api/driver/near/by/ride
2025-09-09 00:38:17 Called: https://sdrivesapp.com/api/rides/active-driver
2025-09-09 00:38:18 Called: https://sdrivesapp.com/api/rides/cancel
2025-09-09 00:38:18 Called: https://sdrivesapp.com/api/captain/rides/accepted
2025-09-09 00:38:19 Called: https://sdrivesapp.com/api/driver/near/by/ride
2025-09-09 00:38:21 Called: https://sdrivesapp.com/api/rides/active-driver
2025-09-09 00:38:22 Called: https://sdrivesapp.com/api/rides/cancel
2025-09-09 00:38:22 Called: https://sdrivesapp.com/api/captain/rides/accepted
2025-09-09 00:38:22 Called: https://sdrivesapp.com/api/driver/near/by/ride
2025-09-09 00:38:24 Called: https://sdrivesapp.com/api/rides/active-driver
2025-09-09 00:38:25 Called: https://sdrivesapp.com/api/rides/cancel
2025-09-09 00:38:25 Called: https://sdrivesapp.com/api/captain/rides/accepted
2025-09-09 00:38:26 Called: https://sdrivesapp.com/api/driver/near/by/ride
2025-09-09 00:38:28 Called: https://sdrivesapp.com/api/rides/active-driver
2025-09-09 00:38:29 Called: https://sdrivesapp.com/api/rides/cancel
2025-09-09 00:38:29 Called: https://sdrivesapp.com/api/captain/rides/accepted
2025-09-09 00:38:29 Called: https://sdrivesapp.com/api/driver/near/by/ride
2025-09-09 00:38:31 Called: https://sdrivesapp.com/api/rides/active-driver
2025-09-09 00:38:32 Called: https://sdrivesapp.com/api/rides/cancel
2025-09-09 00:38:32 Called: https://sdrivesapp.com/api/captain/rides/accepted
2025-09-09 00:38:33 Called: https://sdrivesapp.com/api/driver/near/by/ride
2025-09-09 00:38:35 Called: https://sdrivesapp.com/api/rides/active-driver
2025-09-09 00:38:36 Called: https://sdrivesapp.com/api/rides/cancel
2025-09-09 00:38:36 Called: https://sdrivesapp.com/api/captain/rides/accepted
2025-09-09 00:38:37 Called: https://sdrivesapp.com/api/driver/near/by/ride
2025-09-09 00:38:39 Called: https://sdrivesapp.com/api/rides/active-driver
2025-09-09 00:38:39 Called: https://sdrivesapp.com/api/rides/cancel
2025-09-09 00:38:39 Called: https://sdrivesapp.com/api/captain/rides/accepted
2025-09-09 00:38:40 Called: https://sdrivesapp.com/api/driver/near/by/ride
2025-09-09 00:38:42 Called: https://sdrivesapp.com/api/rides/active-driver
2025-09-09 00:38:43 Called: https://sdrivesapp.com/api/rides/cancel
2025-09-09 00:38:43 Called: https://sdrivesapp.com/api/captain/rides/accepted
2025-09-09 00:38:44 Called: https://sdrivesapp.com/api/driver/near/by/ride
2025-09-09 00:38:46 Called: https://sdrivesapp.com/api/rides/active-driver
2025-09-09 00:38:47 Called: https://sdrivesapp.com/api/rides/cancel
2025-09-09 00:38:47 Called: https://sdrivesapp.com/api/captain/rides/accepted
2025-09-09 00:38:47 Called: https://sdrivesapp.com/api/driver/near/by/ride
2025-09-09 00:38:49 Called: https://sdrivesapp.com/api/rides/active-driver
2025-09-09 00:38:50 Called: https://sdrivesapp.com/api/rides/cancel
2025-09-09 00:38:50 Called: https://sdrivesapp.com/api/captain/rides/accepted
2025-09-09 00:38:51 Called: https://sdrivesapp.com/api/driver/near/by/ride
2025-09-09 00:38:53 Called: https://sdrivesapp.com/api/rides/active-driver
2025-09-09 00:38:53 Called: https://sdrivesapp.com/api/rides/cancel
2025-09-09 00:38:53 Called: https://sdrivesapp.com/api/captain/rides/accepted
2025-09-09 00:38:54 Called: https://sdrivesapp.com/api/driver/near/by/ride
2025-09-09 00:38:56 Called: https://sdrivesapp.com/api/rides/active-driver
2025-09-09 00:38:57 Called: https://sdrivesapp.com/api/rides/cancel
2025-09-09 00:38:57 Called: https://sdrivesapp.com/api/captain/rides/accepted
2025-09-09 00:38:57 Called: https://sdrivesapp.com/api/driver/near/by/ride
2025-09-09 00:38:59 Called: https://sdrivesapp.com/api/rides/active-driver
2025-09-09 00:39:00 Called: https://sdrivesapp.com/api/rides/cancel
2025-09-09 00:39:00 Called: https://sdrivesapp.com/api/captain/rides/accepted
2025-09-09 00:39:01 Called: https://sdrivesapp.com/api/driver/near/by/ride
2025-09-09 00:39:03 Called: https://sdrivesapp.com/api/rides/active-driver
2025-09-09 00:39:04 Called: https://sdrivesapp.com/api/rides/cancel
2025-09-09 00:39:04 Called: https://sdrivesapp.com/api/captain/rides/accepted
2025-09-09 00:39:04 Called: https://sdrivesapp.com/api/driver/near/by/ride
2025-09-09 00:39:06 Called: https://sdrivesapp.com/api/rides/active-driver
2025-09-09 00:39:07 Called: https://sdrivesapp.com/api/rides/cancel
2025-09-09 00:39:07 Called: https://sdrivesapp.com/api/captain/rides/accepted
2025-09-09 00:39:08 Called: https://sdrivesapp.com/api/driver/near/by/ride
2025-09-09 00:39:10 Called: https://sdrivesapp.com/api/rides/active-driver
2025-09-09 00:39:11 Called: https://sdrivesapp.com/api/rides/cancel
2025-09-09 00:39:11 Called: https://sdrivesapp.com/api/captain/rides/accepted
2025-09-09 00:39:12 Called: https://sdrivesapp.com/api/driver/near/by/ride
2025-09-09 00:39:13 Called: https://sdrivesapp.com/api/rides/active-driver
2025-09-09 00:39:14 Called: https://sdrivesapp.com/api/rides/cancel
2025-09-09 00:39:14 Called: https://sdrivesapp.com/api/captain/rides/accepted
2025-09-09 00:39:15 Called: https://sdrivesapp.com/api/driver/near/by/ride
2025-09-09 00:39:17 Called: https://sdrivesapp.com/api/rides/active-driver
2025-09-09 00:39:18 Called: https://sdrivesapp.com/api/rides/cancel
2025-09-09 00:39:18 Called: https://sdrivesapp.com/api/captain/rides/accepted
2025-09-09 00:39:18 Called: https://sdrivesapp.com/api/driver/near/by/ride
2025-09-09 00:39:20 Called: https://sdrivesapp.com/api/rides/active-driver
2025-09-09 00:39:21 Called: https://sdrivesapp.com/api/rides/cancel
2025-09-09 00:39:21 Called: https://sdrivesapp.com/api/captain/rides/accepted
2025-09-09 00:39:22 Called: https://sdrivesapp.com/api/driver/near/by/ride
2025-09-09 00:39:24 Called: https://sdrivesapp.com/api/rides/active-driver
2025-09-09 00:39:25 Called: https://sdrivesapp.com/api/rides/cancel
2025-09-09 00:39:25 Called: https://sdrivesapp.com/api/captain/rides/accepted
2025-09-09 00:39:26 Called: https://sdrivesapp.com/api/driver/near/by/ride
2025-09-09 00:39:27 Called: https://sdrivesapp.com/api/rides/active-driver
2025-09-09 00:39:28 Called: https://sdrivesapp.com/api/rides/cancel
2025-09-09 00:39:28 Called: https://sdrivesapp.com/api/captain/rides/accepted
2025-09-09 00:39:29 Called: https://sdrivesapp.com/api/driver/near/by/ride
2025-09-09 00:39:31 Called: https://sdrivesapp.com/api/rides/active-driver
2025-09-09 00:39:32 Called: https://sdrivesapp.com/api/rides/cancel
2025-09-09 00:39:32 Called: https://sdrivesapp.com/api/captain/rides/accepted
2025-09-09 00:39:33 Called: https://sdrivesapp.com/api/driver/near/by/ride
2025-09-09 00:39:34 Called: https://sdrivesapp.com/api/rides/active-driver
2025-09-09 00:39:35 Called: https://sdrivesapp.com/api/rides/cancel
2025-09-09 00:39:35 Called: https://sdrivesapp.com/api/captain/rides/accepted
2025-09-09 00:39:36 Called: https://sdrivesapp.com/api/driver/near/by/ride
2025-09-09 00:39:38 Called: https://sdrivesapp.com/api/rides/active-driver
2025-09-09 00:39:38 Called: https://sdrivesapp.com/api/rides/cancel
2025-09-09 00:39:38 Called: https://sdrivesapp.com/api/captain/rides/accepted
2025-09-09 00:39:39 Called: https://sdrivesapp.com/api/driver/near/by/ride
2025-09-09 00:39:41 Called: https://sdrivesapp.com/api/rides/active-driver
2025-09-09 00:39:42 Called: https://sdrivesapp.com/api/rides/cancel
2025-09-09 00:39:42 Called: https://sdrivesapp.com/api/captain/rides/accepted
2025-09-09 00:39:42 Called: https://sdrivesapp.com/api/driver/near/by/ride
2025-09-09 00:39:44 Called: https://sdrivesapp.com/api/rides/active-driver
2025-09-09 00:39:45 Called: https://sdrivesapp.com/api/rides/cancel
2025-09-09 00:39:45 Called: https://sdrivesapp.com/api/captain/rides/accepted
2025-09-09 00:39:46 Called: https://sdrivesapp.com/api/driver/near/by/ride
2025-09-09 00:39:48 Called: https://sdrivesapp.com/api/rides/active-driver
2025-09-09 00:39:49 Called: https://sdrivesapp.com/api/rides/cancel
2025-09-09 00:39:49 Called: https://sdrivesapp.com/api/captain/rides/accepted
2025-09-09 00:39:49 Called: https://sdrivesapp.com/api/driver/near/by/ride
2025-09-09 00:39:51 Called: https://sdrivesapp.com/api/rides/active-driver
2025-09-09 00:39:52 Called: https://sdrivesapp.com/api/rides/cancel
2025-09-09 00:39:52 Called: https://sdrivesapp.com/api/captain/rides/accepted
2025-09-09 00:39:53 Called: https://sdrivesapp.com/api/driver/near/by/ride
2025-09-09 00:39:55 Called: https://sdrivesapp.com/api/rides/active-driver
2025-09-09 00:39:55 Called: https://sdrivesapp.com/api/rides/cancel
2025-09-09 00:39:55 Called: https://sdrivesapp.com/api/captain/rides/accepted
2025-09-09 00:39:56 Called: https://sdrivesapp.com/api/driver/near/by/ride
2025-09-09 00:39:58 Called: https://sdrivesapp.com/api/rides/active-driver
2025-09-09 00:39:59 Called: https://sdrivesapp.com/api/rides/cancel
2025-09-09 00:39:59 Called: https://sdrivesapp.com/api/captain/rides/accepted
2025-09-09 00:40:00 Called: https://sdrivesapp.com/api/driver/near/by/ride
2025-09-09 00:40:01 Called: https://sdrivesapp.com/api/rides/active-driver
2025-09-09 00:40:02 Called: https://sdrivesapp.com/api/rides/cancel
2025-09-09 00:40:02 Called: https://sdrivesapp.com/api/captain/rides/accepted
2025-09-09 00:40:03 Called: https://sdrivesapp.com/api/driver/near/by/ride
2025-09-09 00:40:05 Called: https://sdrivesapp.com/api/rides/active-driver
2025-09-09 00:40:06 Called: https://sdrivesapp.com/api/rides/cancel
2025-09-09 00:40:06 Called: https://sdrivesapp.com/api/captain/rides/accepted
2025-09-09 00:40:07 Called: https://sdrivesapp.com/api/driver/near/by/ride
2025-09-09 00:40:09 Called: https://sdrivesapp.com/api/rides/active-driver
2025-09-09 00:40:09 Called: https://sdrivesapp.com/api/rides/cancel
2025-09-09 00:40:09 Called: https://sdrivesapp.com/api/captain/rides/accepted
2025-09-09 00:40:10 Called: https://sdrivesapp.com/api/driver/near/by/ride
2025-09-09 00:40:12 Called: https://sdrivesapp.com/api/rides/active-driver
2025-09-09 00:40:13 Called: https://sdrivesapp.com/api/rides/cancel
2025-09-09 00:40:13 Called: https://sdrivesapp.com/api/captain/rides/accepted
2025-09-09 00:40:14 Called: https://sdrivesapp.com/api/driver/near/by/ride
2025-09-09 00:40:16 Called: https://sdrivesapp.com/api/rides/active-driver
2025-09-09 00:40:17 Called: https://sdrivesapp.com/api/rides/cancel
2025-09-09 00:40:17 Called: https://sdrivesapp.com/api/captain/rides/accepted
2025-09-09 00:40:18 Called: https://sdrivesapp.com/api/driver/near/by/ride
2025-09-09 00:40:20 Called: https://sdrivesapp.com/api/rides/active-driver
2025-09-09 00:40:21 Called: https://sdrivesapp.com/api/rides/cancel
2025-09-09 00:40:21 Called: https://sdrivesapp.com/api/captain/rides/accepted
2025-09-09 00:40:22 Called: https://sdrivesapp.com/api/driver/near/by/ride
2025-09-09 00:40:23 Called: https://sdrivesapp.com/api/rides/active-driver
2025-09-09 00:40:24 Called: https://sdrivesapp.com/api/rides/cancel
2025-09-09 00:40:24 Called: https://sdrivesapp.com/api/captain/rides/accepted
2025-09-09 00:40:25 Called: https://sdrivesapp.com/api/driver/near/by/ride
2025-09-09 00:40:27 Called: https://sdrivesapp.com/api/rides/active-driver
2025-09-09 00:40:28 Called: https://sdrivesapp.com/api/rides/cancel
2025-09-09 00:40:28 Called: https://sdrivesapp.com/api/captain/rides/accepted
2025-09-09 00:40:28 Called: https://sdrivesapp.com/api/driver/near/by/ride
2025-09-09 00:40:30 Called: https://sdrivesapp.com/api/rides/active-driver
2025-09-09 00:40:31 Called: https://sdrivesapp.com/api/rides/cancel
2025-09-09 00:40:31 Called: https://sdrivesapp.com/api/captain/rides/accepted
2025-09-09 00:40:32 Called: https://sdrivesapp.com/api/driver/near/by/ride
2025-09-09 00:40:34 Called: https://sdrivesapp.com/api/rides/active-driver
2025-09-09 00:40:35 Called: https://sdrivesapp.com/api/rides/cancel
2025-09-09 00:40:35 Called: https://sdrivesapp.com/api/captain/rides/accepted
2025-09-09 00:40:35 Called: https://sdrivesapp.com/api/driver/near/by/ride
2025-09-09 00:40:37 Called: https://sdrivesapp.com/api/rides/active-driver
2025-09-09 00:40:38 Called: https://sdrivesapp.com/api/rides/cancel
2025-09-09 00:40:38 Called: https://sdrivesapp.com/api/captain/rides/accepted
2025-09-09 00:40:39 Called: https://sdrivesapp.com/api/driver/near/by/ride
2025-09-09 00:40:41 Called: https://sdrivesapp.com/api/rides/active-driver
2025-09-09 00:40:41 Called: https://sdrivesapp.com/api/rides/cancel
2025-09-09 00:40:41 Called: https://sdrivesapp.com/api/captain/rides/accepted
2025-09-09 00:40:42 Called: https://sdrivesapp.com/api/driver/near/by/ride
2025-09-09 00:40:44 Called: https://sdrivesapp.com/api/rides/active-driver
2025-09-09 00:40:45 Called: https://sdrivesapp.com/api/rides/cancel
2025-09-09 00:40:45 Called: https://sdrivesapp.com/api/captain/rides/accepted
2025-09-09 00:40:46 Called: https://sdrivesapp.com/api/driver/near/by/ride
2025-09-09 00:40:47 Called: https://sdrivesapp.com/api/rides/active-driver
2025-09-09 00:40:48 Called: https://sdrivesapp.com/api/rides/cancel
2025-09-09 00:40:48 Called: https://sdrivesapp.com/api/captain/rides/accepted
2025-09-09 00:40:49 Called: https://sdrivesapp.com/api/driver/near/by/ride
2025-09-09 00:40:50 Called: https://sdrivesapp.com/api/rides/active-driver
2025-09-09 00:40:51 Called: https://sdrivesapp.com/api/rides/cancel
2025-09-09 00:40:51 Called: https://sdrivesapp.com/api/captain/rides/accepted
2025-09-09 00:40:52 Called: https://sdrivesapp.com/api/driver/near/by/ride
2025-09-09 00:40:54 Called: https://sdrivesapp.com/api/rides/active-driver
2025-09-09 00:40:55 Called: https://sdrivesapp.com/api/rides/cancel
2025-09-09 00:40:55 Called: https://sdrivesapp.com/api/captain/rides/accepted
2025-09-09 00:40:55 Called: https://sdrivesapp.com/api/driver/near/by/ride
2025-09-09 00:40:57 Called: https://sdrivesapp.com/api/rides/active-driver
2025-09-09 00:40:58 Called: https://sdrivesapp.com/api/rides/cancel
2025-09-09 00:40:58 Called: https://sdrivesapp.com/api/captain/rides/accepted
2025-09-09 00:40:59 Called: https://sdrivesapp.com/api/driver/near/by/ride
2025-09-09 00:41:00 Called: https://sdrivesapp.com/api/rides/active-driver
2025-09-09 00:41:01 Called: https://sdrivesapp.com/api/rides/cancel
2025-09-09 00:41:01 Called: https://sdrivesapp.com/api/captain/rides/accepted
2025-09-09 00:41:02 Called: https://sdrivesapp.com/api/driver/near/by/ride
2025-09-09 00:41:03 Called: https://sdrivesapp.com/api/rides/active-driver
2025-09-09 00:41:04 Called: https://sdrivesapp.com/api/rides/cancel
2025-09-09 00:41:04 Called: https://sdrivesapp.com/api/captain/rides/accepted
2025-09-09 00:41:05 Called: https://sdrivesapp.com/api/driver/near/by/ride
2025-09-09 00:41:07 Called: https://sdrivesapp.com/api/rides/active-driver
2025-09-09 00:41:07 Called: https://sdrivesapp.com/api/rides/cancel
2025-09-09 00:41:07 Called: https://sdrivesapp.com/api/captain/rides/accepted
2025-09-09 00:41:08 Called: https://sdrivesapp.com/api/driver/near/by/ride
2025-09-09 00:41:10 Called: https://sdrivesapp.com/api/rides/active-driver
2025-09-09 00:41:11 Called: https://sdrivesapp.com/api/rides/cancel
2025-09-09 00:41:11 Called: https://sdrivesapp.com/api/captain/rides/accepted
2025-09-09 00:41:11 Called: https://sdrivesapp.com/api/driver/near/by/ride
2025-09-09 00:41:13 Called: https://sdrivesapp.com/api/rides/active-driver
2025-09-09 00:41:14 Called: https://sdrivesapp.com/api/rides/cancel
2025-09-09 00:41:14 Called: https://sdrivesapp.com/api/captain/rides/accepted
2025-09-09 00:41:14 Called: https://sdrivesapp.com/api/driver/near/by/ride
2025-09-09 00:41:16 Called: https://sdrivesapp.com/api/rides/active-driver
2025-09-09 00:41:17 Called: https://sdrivesapp.com/api/rides/cancel
2025-09-09 00:41:17 Called: https://sdrivesapp.com/api/captain/rides/accepted
2025-09-09 00:41:18 Called: https://sdrivesapp.com/api/driver/near/by/ride
2025-09-09 00:41:19 Called: https://sdrivesapp.com/api/rides/active-driver
2025-09-09 00:41:20 Called: https://sdrivesapp.com/api/rides/cancel
2025-09-09 00:41:20 Called: https://sdrivesapp.com/api/captain/rides/accepted
2025-09-09 00:41:21 Called: https://sdrivesapp.com/api/driver/near/by/ride
2025-09-09 00:41:23 Called: https://sdrivesapp.com/api/rides/active-driver
2025-09-09 00:41:24 Called: https://sdrivesapp.com/api/rides/cancel
2025-09-09 00:41:24 Called: https://sdrivesapp.com/api/captain/rides/accepted
2025-09-09 00:41:25 Called: https://sdrivesapp.com/api/driver/near/by/ride
2025-09-09 00:41:26 Called: https://sdrivesapp.com/api/rides/active-driver
2025-09-09 00:41:27 Called: https://sdrivesapp.com/api/rides/cancel
2025-09-09 00:41:27 Called: https://sdrivesapp.com/api/captain/rides/accepted
2025-09-09 00:41:28 Called: https://sdrivesapp.com/api/driver/near/by/ride
2025-09-09 00:41:30 Called: https://sdrivesapp.com/api/rides/active-driver
2025-09-09 00:41:30 Called: https://sdrivesapp.com/api/rides/cancel
2025-09-09 00:41:30 Called: https://sdrivesapp.com/api/captain/rides/accepted
2025-09-09 00:41:31 Called: https://sdrivesapp.com/api/driver/near/by/ride
2025-09-09 00:41:33 Called: https://sdrivesapp.com/api/rides/active-driver
2025-09-09 00:41:33 Called: https://sdrivesapp.com/api/rides/cancel
2025-09-09 00:41:33 Called: https://sdrivesapp.com/api/captain/rides/accepted
2025-09-09 00:41:34 Called: https://sdrivesapp.com/api/driver/near/by/ride
2025-09-09 00:41:36 Called: https://sdrivesapp.com/api/rides/active-driver
2025-09-09 00:41:37 Called: https://sdrivesapp.com/api/rides/cancel
2025-09-09 00:41:37 Called: https://sdrivesapp.com/api/captain/rides/accepted
2025-09-09 00:41:37 Called: https://sdrivesapp.com/api/driver/near/by/ride
2025-09-09 00:41:39 Called: https://sdrivesapp.com/api/rides/active-driver
2025-09-09 00:41:40 Called: https://sdrivesapp.com/api/rides/cancel
2025-09-09 00:41:40 Called: https://sdrivesapp.com/api/captain/rides/accepted
2025-09-09 00:41:41 Called: https://sdrivesapp.com/api/driver/near/by/ride
2025-09-09 00:41:42 Called: https://sdrivesapp.com/api/rides/active-driver
2025-09-09 00:41:43 Called: https://sdrivesapp.com/api/rides/cancel
2025-09-09 00:41:43 Called: https://sdrivesapp.com/api/captain/rides/accepted
2025-09-09 00:41:44 Called: https://sdrivesapp.com/api/driver/near/by/ride
2025-09-09 00:41:45 Called: https://sdrivesapp.com/api/rides/active-driver
2025-09-09 00:41:46 Called: https://sdrivesapp.com/api/rides/cancel
2025-09-09 00:41:46 Called: https://sdrivesapp.com/api/captain/rides/accepted
2025-09-09 00:41:47 Called: https://sdrivesapp.com/api/driver/near/by/ride
2025-09-09 00:41:48 Called: https://sdrivesapp.com/api/rides/active-driver
2025-09-09 00:41:49 Called: https://sdrivesapp.com/api/rides/cancel
2025-09-09 00:41:49 Called: https://sdrivesapp.com/api/captain/rides/accepted
2025-09-09 00:41:50 Called: https://sdrivesapp.com/api/driver/near/by/ride
2025-09-09 00:41:52 Called: https://sdrivesapp.com/api/rides/active-driver
2025-09-09 00:41:52 Called: https://sdrivesapp.com/api/rides/cancel
2025-09-09 00:41:52 Called: https://sdrivesapp.com/api/captain/rides/accepted
2025-09-09 00:41:53 Called: https://sdrivesapp.com/api/driver/near/by/ride
2025-09-09 00:41:55 Called: https://sdrivesapp.com/api/rides/active-driver
2025-09-09 00:41:55 Called: https://sdrivesapp.com/api/rides/cancel
2025-09-09 00:41:55 Called: https://sdrivesapp.com/api/captain/rides/accepted
2025-09-09 00:41:56 Called: https://sdrivesapp.com/api/driver/near/by/ride
2025-09-09 00:41:58 Called: https://sdrivesapp.com/api/rides/active-driver
2025-09-09 00:41:58 Called: https://sdrivesapp.com/api/rides/cancel
2025-09-09 00:41:59 Called: https://sdrivesapp.com/api/captain/rides/accepted
2025-09-09 00:41:59 Called: https://sdrivesapp.com/api/driver/near/by/ride
2025-09-09 00:42:01 Called: https://sdrivesapp.com/api/rides/active-driver
2025-09-09 00:42:02 Called: https://sdrivesapp.com/api/rides/cancel
2025-09-09 00:42:02 Called: https://sdrivesapp.com/api/captain/rides/accepted
2025-09-09 00:42:03 Called: https://sdrivesapp.com/api/driver/near/by/ride
2025-09-09 00:42:04 Called: https://sdrivesapp.com/api/rides/active-driver
2025-09-09 00:42:05 Called: https://sdrivesapp.com/api/rides/cancel
2025-09-09 00:42:05 Called: https://sdrivesapp.com/api/captain/rides/accepted
2025-09-09 00:42:06 Called: https://sdrivesapp.com/api/driver/near/by/ride
2025-09-09 00:42:08 Called: https://sdrivesapp.com/api/rides/active-driver
2025-09-09 00:42:08 Called: https://sdrivesapp.com/api/rides/cancel
2025-09-09 00:42:09 Called: https://sdrivesapp.com/api/captain/rides/accepted
2025-09-09 00:42:09 Called: https://sdrivesapp.com/api/driver/near/by/ride
2025-09-09 00:42:11 Called: https://sdrivesapp.com/api/rides/active-driver
2025-09-09 00:42:12 Called: https://sdrivesapp.com/api/rides/cancel
2025-09-09 00:42:12 Called: https://sdrivesapp.com/api/captain/rides/accepted
2025-09-09 00:42:12 Called: https://sdrivesapp.com/api/driver/near/by/ride
2025-09-09 00:42:14 Called: https://sdrivesapp.com/api/rides/active-driver
2025-09-09 00:42:15 Called: https://sdrivesapp.com/api/rides/cancel
2025-09-09 00:42:15 Called: https://sdrivesapp.com/api/captain/rides/accepted
2025-09-09 00:42:16 Called: https://sdrivesapp.com/api/driver/near/by/ride
2025-09-09 00:42:18 Called: https://sdrivesapp.com/api/rides/active-driver
2025-09-09 00:42:18 Called: https://sdrivesapp.com/api/rides/cancel
2025-09-09 00:42:18 Called: https://sdrivesapp.com/api/captain/rides/accepted
2025-09-09 00:42:19 Called: https://sdrivesapp.com/api/driver/near/by/ride
2025-09-09 00:42:21 Called: https://sdrivesapp.com/api/rides/active-driver
2025-09-09 00:42:22 Called: https://sdrivesapp.com/api/rides/cancel
2025-09-09 00:42:22 Called: https://sdrivesapp.com/api/captain/rides/accepted
2025-09-09 00:42:22 Called: https://sdrivesapp.com/api/driver/near/by/ride
2025-09-09 00:42:24 Called: https://sdrivesapp.com/api/rides/active-driver
2025-09-09 00:42:25 Called: https://sdrivesapp.com/api/rides/cancel
2025-09-09 00:42:25 Called: https://sdrivesapp.com/api/captain/rides/accepted
2025-09-09 00:42:26 Called: https://sdrivesapp.com/api/driver/near/by/ride
2025-09-09 00:42:28 Called: https://sdrivesapp.com/api/rides/active-driver
2025-09-09 00:42:28 Called: https://sdrivesapp.com/api/rides/cancel
2025-09-09 00:42:28 Called: https://sdrivesapp.com/api/captain/rides/accepted
2025-09-09 00:42:29 Called: https://sdrivesapp.com/api/driver/near/by/ride
2025-09-09 00:42:31 Called: https://sdrivesapp.com/api/rides/active-driver
2025-09-09 00:42:32 Called: https://sdrivesapp.com/api/rides/cancel
2025-09-09 00:42:32 Called: https://sdrivesapp.com/api/captain/rides/accepted
2025-09-09 00:42:32 Called: https://sdrivesapp.com/api/driver/near/by/ride
2025-09-09 00:42:34 Called: https://sdrivesapp.com/api/rides/active-driver
2025-09-09 00:42:35 Called: https://sdrivesapp.com/api/rides/cancel
2025-09-09 00:42:35 Called: https://sdrivesapp.com/api/captain/rides/accepted
2025-09-09 00:42:35 Called: https://sdrivesapp.com/api/driver/near/by/ride
2025-09-09 00:42:37 Called: https://sdrivesapp.com/api/rides/active-driver
2025-09-09 00:42:38 Called: https://sdrivesapp.com/api/rides/cancel
2025-09-09 00:42:38 Called: https://sdrivesapp.com/api/captain/rides/accepted
2025-09-09 00:42:38 Called: https://sdrivesapp.com/api/driver/near/by/ride
2025-09-09 00:42:40 Called: https://sdrivesapp.com/api/rides/active-driver
2025-09-09 00:42:41 Called: https://sdrivesapp.com/api/rides/cancel
2025-09-09 00:42:41 Called: https://sdrivesapp.com/api/captain/rides/accepted
2025-09-09 00:42:42 Called: https://sdrivesapp.com/api/driver/near/by/ride
2025-09-09 00:42:43 Called: https://sdrivesapp.com/api/rides/active-driver
2025-09-09 00:42:44 Called: https://sdrivesapp.com/api/rides/cancel
2025-09-09 00:42:44 Called: https://sdrivesapp.com/api/captain/rides/accepted
2025-09-09 00:42:45 Called: https://sdrivesapp.com/api/driver/near/by/ride
2025-09-09 00:42:47 Called: https://sdrivesapp.com/api/rides/active-driver
2025-09-09 00:42:47 Called: https://sdrivesapp.com/api/rides/cancel
2025-09-09 00:42:47 Called: https://sdrivesapp.com/api/captain/rides/accepted
2025-09-09 00:42:48 Called: https://sdrivesapp.com/api/driver/near/by/ride
2025-09-09 00:42:50 Called: https://sdrivesapp.com/api/rides/active-driver
2025-09-09 00:42:51 Called: https://sdrivesapp.com/api/rides/cancel
2025-09-09 00:42:51 Called: https://sdrivesapp.com/api/captain/rides/accepted
2025-09-09 00:42:51 Called: https://sdrivesapp.com/api/driver/near/by/ride
2025-09-09 00:42:53 Called: https://sdrivesapp.com/api/rides/active-driver
2025-09-09 00:42:54 Called: https://sdrivesapp.com/api/rides/cancel
2025-09-09 00:42:54 Called: https://sdrivesapp.com/api/captain/rides/accepted
2025-09-09 00:42:55 Called: https://sdrivesapp.com/api/driver/near/by/ride
2025-09-09 00:42:56 Called: https://sdrivesapp.com/api/rides/active-driver
2025-09-09 00:42:57 Called: https://sdrivesapp.com/api/rides/cancel
2025-09-09 00:42:57 Called: https://sdrivesapp.com/api/captain/rides/accepted
2025-09-09 00:42:58 Called: https://sdrivesapp.com/api/driver/near/by/ride
2025-09-09 00:42:59 Called: https://sdrivesapp.com/api/rides/active-driver
2025-09-09 00:43:00 Called: https://sdrivesapp.com/api/rides/cancel
2025-09-09 00:43:00 Called: https://sdrivesapp.com/api/captain/rides/accepted
2025-09-09 00:43:01 Called: https://sdrivesapp.com/api/driver/near/by/ride
2025-09-09 00:43:03 Called: https://sdrivesapp.com/api/rides/active-driver
2025-09-09 00:43:03 Called: https://sdrivesapp.com/api/rides/cancel
2025-09-09 00:43:03 Called: https://sdrivesapp.com/api/captain/rides/accepted
2025-09-09 00:43:04 Called: https://sdrivesapp.com/api/driver/near/by/ride
2025-09-09 00:43:06 Called: https://sdrivesapp.com/api/rides/active-driver
2025-09-09 00:43:07 Called: https://sdrivesapp.com/api/rides/cancel
2025-09-09 00:43:07 Called: https://sdrivesapp.com/api/captain/rides/accepted
2025-09-09 00:43:07 Called: https://sdrivesapp.com/api/driver/near/by/ride
2025-09-09 00:43:09 Called: https://sdrivesapp.com/api/rides/active-driver
2025-09-09 00:43:10 Called: https://sdrivesapp.com/api/rides/cancel
2025-09-09 00:43:10 Called: https://sdrivesapp.com/api/captain/rides/accepted
2025-09-09 00:43:11 Called: https://sdrivesapp.com/api/driver/near/by/ride
2025-09-09 00:43:12 Called: https://sdrivesapp.com/api/rides/active-driver
2025-09-09 00:43:13 Called: https://sdrivesapp.com/api/rides/cancel
2025-09-09 00:43:13 Called: https://sdrivesapp.com/api/captain/rides/accepted
2025-09-09 00:43:14 Called: https://sdrivesapp.com/api/driver/near/by/ride
2025-09-09 00:43:16 Called: https://sdrivesapp.com/api/rides/active-driver
2025-09-09 00:43:16 Called: https://sdrivesapp.com/api/rides/cancel
2025-09-09 00:43:16 Called: https://sdrivesapp.com/api/captain/rides/accepted
2025-09-09 00:43:17 Called: https://sdrivesapp.com/api/driver/near/by/ride
2025-09-09 00:43:19 Called: https://sdrivesapp.com/api/rides/active-driver
2025-09-09 00:43:20 Called: https://sdrivesapp.com/api/rides/cancel
2025-09-09 00:43:20 Called: https://sdrivesapp.com/api/captain/rides/accepted
2025-09-09 00:43:20 Called: https://sdrivesapp.com/api/driver/near/by/ride
2025-09-09 00:43:22 Called: https://sdrivesapp.com/api/rides/active-driver
2025-09-09 00:43:23 Called: https://sdrivesapp.com/api/rides/cancel
2025-09-09 00:43:23 Called: https://sdrivesapp.com/api/captain/rides/accepted
2025-09-09 00:43:23 Called: https://sdrivesapp.com/api/driver/near/by/ride
2025-09-09 00:43:25 Called: https://sdrivesapp.com/api/rides/active-driver
2025-09-09 00:43:26 Called: https://sdrivesapp.com/api/rides/cancel
2025-09-09 00:43:26 Called: https://sdrivesapp.com/api/captain/rides/accepted
2025-09-09 00:43:27 Called: https://sdrivesapp.com/api/driver/near/by/ride
2025-09-09 00:43:28 Called: https://sdrivesapp.com/api/rides/active-driver
2025-09-09 00:43:29 Called: https://sdrivesapp.com/api/rides/cancel
2025-09-09 00:43:29 Called: https://sdrivesapp.com/api/captain/rides/accepted
2025-09-09 00:43:30 Called: https://sdrivesapp.com/api/driver/near/by/ride
2025-09-09 00:43:32 Called: https://sdrivesapp.com/api/rides/active-driver
2025-09-09 00:43:32 Called: https://sdrivesapp.com/api/rides/cancel
2025-09-09 00:43:32 Called: https://sdrivesapp.com/api/captain/rides/accepted
2025-09-09 00:43:33 Called: https://sdrivesapp.com/api/driver/near/by/ride
2025-09-09 00:43:35 Called: https://sdrivesapp.com/api/rides/active-driver
2025-09-09 00:43:36 Called: https://sdrivesapp.com/api/rides/cancel
2025-09-09 00:43:36 Called: https://sdrivesapp.com/api/captain/rides/accepted
2025-09-09 00:43:37 Called: https://sdrivesapp.com/api/driver/near/by/ride
2025-09-09 00:43:38 Called: https://sdrivesapp.com/api/rides/active-driver
2025-09-09 00:43:39 Called: https://sdrivesapp.com/api/rides/cancel
2025-09-09 00:43:39 Called: https://sdrivesapp.com/api/captain/rides/accepted
2025-09-09 00:43:40 Called: https://sdrivesapp.com/api/driver/near/by/ride
2025-09-09 00:43:42 Called: https://sdrivesapp.com/api/rides/active-driver
2025-09-09 00:43:42 Called: https://sdrivesapp.com/api/rides/cancel
2025-09-09 00:43:42 Called: https://sdrivesapp.com/api/captain/rides/accepted
2025-09-09 00:43:43 Called: https://sdrivesapp.com/api/driver/near/by/ride
2025-09-09 00:43:45 Called: https://sdrivesapp.com/api/rides/active-driver
2025-09-09 00:43:46 Called: https://sdrivesapp.com/api/rides/cancel
2025-09-09 00:43:46 Called: https://sdrivesapp.com/api/captain/rides/accepted
2025-09-09 00:43:47 Called: https://sdrivesapp.com/api/driver/near/by/ride
2025-09-09 00:43:48 Called: https://sdrivesapp.com/api/rides/active-driver
2025-09-09 00:43:49 Called: https://sdrivesapp.com/api/rides/cancel
2025-09-09 00:43:49 Called: https://sdrivesapp.com/api/captain/rides/accepted
2025-09-09 00:43:50 Called: https://sdrivesapp.com/api/driver/near/by/ride
2025-09-09 00:43:51 Called: https://sdrivesapp.com/api/rides/active-driver
2025-09-09 00:43:52 Called: https://sdrivesapp.com/api/rides/cancel
2025-09-09 00:43:52 Called: https://sdrivesapp.com/api/captain/rides/accepted
2025-09-09 00:43:53 Called: https://sdrivesapp.com/api/driver/near/by/ride
2025-09-09 00:43:55 Called: https://sdrivesapp.com/api/rides/active-driver
2025-09-09 00:43:55 Called: https://sdrivesapp.com/api/rides/cancel
2025-09-09 00:43:55 Called: https://sdrivesapp.com/api/captain/rides/accepted
2025-09-09 00:43:56 Called: https://sdrivesapp.com/api/driver/near/by/ride
2025-09-09 00:43:58 Called: https://sdrivesapp.com/api/rides/active-driver
2025-09-09 00:43:58 Called: https://sdrivesapp.com/api/rides/cancel
2025-09-09 00:43:59 Called: https://sdrivesapp.com/api/captain/rides/accepted
2025-09-09 00:43:59 Called: https://sdrivesapp.com/api/driver/near/by/ride
2025-09-09 00:44:01 Called: https://sdrivesapp.com/api/rides/active-driver
2025-09-09 00:44:02 Called: https://sdrivesapp.com/api/rides/cancel
2025-09-09 00:44:02 Called: https://sdrivesapp.com/api/captain/rides/accepted
2025-09-09 00:44:03 Called: https://sdrivesapp.com/api/driver/near/by/ride
2025-09-09 00:44:04 Called: https://sdrivesapp.com/api/rides/active-driver
2025-09-09 00:44:05 Called: https://sdrivesapp.com/api/rides/cancel
2025-09-09 00:44:05 Called: https://sdrivesapp.com/api/captain/rides/accepted
2025-09-09 00:44:06 Called: https://sdrivesapp.com/api/driver/near/by/ride
2025-09-09 00:44:08 Called: https://sdrivesapp.com/api/rides/active-driver
2025-09-09 00:44:08 Called: https://sdrivesapp.com/api/rides/cancel
2025-09-09 00:44:09 Called: https://sdrivesapp.com/api/captain/rides/accepted
2025-09-09 00:44:09 Called: https://sdrivesapp.com/api/driver/near/by/ride
2025-09-09 00:44:11 Called: https://sdrivesapp.com/api/rides/active-driver
2025-09-09 00:44:12 Called: https://sdrivesapp.com/api/rides/cancel
2025-09-09 00:44:12 Called: https://sdrivesapp.com/api/captain/rides/accepted
2025-09-09 00:44:13 Called: https://sdrivesapp.com/api/driver/near/by/ride
2025-09-09 00:44:15 Called: https://sdrivesapp.com/api/rides/active-driver
2025-09-09 00:44:15 Called: https://sdrivesapp.com/api/rides/cancel
2025-09-09 00:44:15 Called: https://sdrivesapp.com/api/captain/rides/accepted
2025-09-09 00:44:16 Called: https://sdrivesapp.com/api/driver/near/by/ride
2025-09-09 00:44:18 Called: https://sdrivesapp.com/api/rides/active-driver
2025-09-09 00:44:19 Called: https://sdrivesapp.com/api/rides/cancel
2025-09-09 00:44:19 Called: https://sdrivesapp.com/api/captain/rides/accepted
2025-09-09 00:44:19 Called: https://sdrivesapp.com/api/driver/near/by/ride
2025-09-09 00:44:21 Called: https://sdrivesapp.com/api/rides/active-driver
2025-09-09 00:44:22 Called: https://sdrivesapp.com/api/rides/cancel
2025-09-09 00:44:22 Called: https://sdrivesapp.com/api/captain/rides/accepted
2025-09-09 00:44:23 Called: https://sdrivesapp.com/api/driver/near/by/ride
2025-09-09 00:44:25 Called: https://sdrivesapp.com/api/rides/active-driver
2025-09-09 00:44:25 Called: https://sdrivesapp.com/api/rides/cancel
2025-09-09 00:44:26 Called: https://sdrivesapp.com/api/captain/rides/accepted
2025-09-09 00:44:26 Called: https://sdrivesapp.com/api/driver/near/by/ride
2025-09-09 00:44:28 Called: https://sdrivesapp.com/api/rides/active-driver
2025-09-09 00:44:29 Called: https://sdrivesapp.com/api/rides/cancel
2025-09-09 00:44:29 Called: https://sdrivesapp.com/api/captain/rides/accepted
2025-09-09 00:44:30 Called: https://sdrivesapp.com/api/driver/near/by/ride
2025-09-09 00:44:31 Called: https://sdrivesapp.com/api/rides/active-driver
2025-09-09 00:44:32 Called: https://sdrivesapp.com/api/rides/cancel
2025-09-09 00:44:32 Called: https://sdrivesapp.com/api/captain/rides/accepted
2025-09-09 00:44:33 Called: https://sdrivesapp.com/api/driver/near/by/ride
2025-09-09 00:44:35 Called: https://sdrivesapp.com/api/rides/active-driver
2025-09-09 00:44:35 Called: https://sdrivesapp.com/api/rides/cancel
2025-09-09 00:44:36 Called: https://sdrivesapp.com/api/captain/rides/accepted
2025-09-09 00:44:36 Called: https://sdrivesapp.com/api/driver/near/by/ride
2025-09-09 00:44:38 Called: https://sdrivesapp.com/api/rides/active-driver
2025-09-09 00:44:39 Called: https://sdrivesapp.com/api/rides/cancel
2025-09-09 00:44:39 Called: https://sdrivesapp.com/api/captain/rides/accepted
2025-09-09 00:44:40 Called: https://sdrivesapp.com/api/driver/near/by/ride
2025-09-09 00:44:42 Called: https://sdrivesapp.com/api/rides/active-driver
2025-09-09 00:44:43 Called: https://sdrivesapp.com/api/rides/cancel
2025-09-09 00:44:43 Called: https://sdrivesapp.com/api/captain/rides/accepted
2025-09-09 00:44:44 Called: https://sdrivesapp.com/api/driver/near/by/ride
2025-09-09 00:44:46 Called: https://sdrivesapp.com/api/rides/active-driver
2025-09-09 00:44:46 Called: https://sdrivesapp.com/api/rides/cancel
2025-09-09 00:44:46 Called: https://sdrivesapp.com/api/captain/rides/accepted
2025-09-09 00:44:47 Called: https://sdrivesapp.com/api/driver/near/by/ride
2025-09-09 00:44:49 Called: https://sdrivesapp.com/api/rides/active-driver
2025-09-09 00:44:50 Called: https://sdrivesapp.com/api/rides/cancel
2025-09-09 00:44:50 Called: https://sdrivesapp.com/api/captain/rides/accepted
2025-09-09 00:44:50 Called: https://sdrivesapp.com/api/driver/near/by/ride
2025-09-09 00:44:52 Called: https://sdrivesapp.com/api/rides/active-driver
2025-09-09 00:44:53 Called: https://sdrivesapp.com/api/rides/cancel
2025-09-09 00:44:53 Called: https://sdrivesapp.com/api/captain/rides/accepted
2025-09-09 00:44:54 Called: https://sdrivesapp.com/api/driver/near/by/ride
2025-09-09 00:44:55 Called: https://sdrivesapp.com/api/rides/active-driver
2025-09-09 00:44:56 Called: https://sdrivesapp.com/api/rides/cancel
2025-09-09 00:44:56 Called: https://sdrivesapp.com/api/captain/rides/accepted
2025-09-09 00:44:57 Called: https://sdrivesapp.com/api/driver/near/by/ride
2025-09-09 00:44:58 Called: https://sdrivesapp.com/api/rides/active-driver
2025-09-09 00:44:59 Called: https://sdrivesapp.com/api/rides/cancel
2025-09-09 00:44:59 Called: https://sdrivesapp.com/api/captain/rides/accepted
2025-09-09 00:45:00 Called: https://sdrivesapp.com/api/driver/near/by/ride
2025-09-09 00:45:02 Called: https://sdrivesapp.com/api/rides/active-driver
2025-09-09 00:45:02 Called: https://sdrivesapp.com/api/rides/cancel
2025-09-09 00:45:03 Called: https://sdrivesapp.com/api/captain/rides/accepted
2025-09-09 00:45:03 Called: https://sdrivesapp.com/api/driver/near/by/ride
2025-09-09 00:45:05 Called: https://sdrivesapp.com/api/rides/active-driver
2025-09-09 00:45:06 Called: https://sdrivesapp.com/api/rides/cancel
2025-09-09 00:45:06 Called: https://sdrivesapp.com/api/captain/rides/accepted
2025-09-09 00:45:07 Called: https://sdrivesapp.com/api/driver/near/by/ride
2025-09-09 00:45:09 Called: https://sdrivesapp.com/api/rides/active-driver
2025-09-09 00:45:09 Called: https://sdrivesapp.com/api/rides/cancel
2025-09-09 00:45:09 Called: https://sdrivesapp.com/api/captain/rides/accepted
2025-09-09 00:45:10 Called: https://sdrivesapp.com/api/driver/near/by/ride
2025-09-09 00:45:12 Called: https://sdrivesapp.com/api/rides/active-driver
2025-09-09 00:45:12 Called: https://sdrivesapp.com/api/rides/cancel
2025-09-09 00:45:13 Called: https://sdrivesapp.com/api/captain/rides/accepted
2025-09-09 00:45:13 Called: https://sdrivesapp.com/api/driver/near/by/ride
2025-09-09 00:45:15 Called: https://sdrivesapp.com/api/rides/active-driver
2025-09-09 00:45:16 Called: https://sdrivesapp.com/api/rides/cancel
2025-09-09 00:45:16 Called: https://sdrivesapp.com/api/captain/rides/accepted
2025-09-09 00:45:16 Called: https://sdrivesapp.com/api/driver/near/by/ride
2025-09-09 00:45:18 Called: https://sdrivesapp.com/api/rides/active-driver
2025-09-09 00:45:19 Called: https://sdrivesapp.com/api/rides/cancel
2025-09-09 00:45:19 Called: https://sdrivesapp.com/api/captain/rides/accepted
2025-09-09 00:45:20 Called: https://sdrivesapp.com/api/driver/near/by/ride
2025-09-09 00:45:22 Called: https://sdrivesapp.com/api/rides/active-driver
2025-09-09 00:45:22 Called: https://sdrivesapp.com/api/rides/cancel
2025-09-09 00:45:22 Called: https://sdrivesapp.com/api/captain/rides/accepted
2025-09-09 00:45:23 Called: https://sdrivesapp.com/api/driver/near/by/ride
2025-09-09 00:45:25 Called: https://sdrivesapp.com/api/rides/active-driver
2025-09-09 00:45:26 Called: https://sdrivesapp.com/api/rides/cancel
2025-09-09 00:45:26 Called: https://sdrivesapp.com/api/captain/rides/accepted
2025-09-09 00:45:27 Called: https://sdrivesapp.com/api/driver/near/by/ride
2025-09-09 00:45:28 Called: https://sdrivesapp.com/api/rides/active-driver
2025-09-09 00:45:29 Called: https://sdrivesapp.com/api/rides/cancel
2025-09-09 00:45:29 Called: https://sdrivesapp.com/api/captain/rides/accepted
2025-09-09 00:45:30 Called: https://sdrivesapp.com/api/driver/near/by/ride
2025-09-09 00:45:31 Called: https://sdrivesapp.com/api/rides/active-driver
2025-09-09 00:45:32 Called: https://sdrivesapp.com/api/rides/cancel
2025-09-09 00:45:32 Called: https://sdrivesapp.com/api/captain/rides/accepted
2025-09-09 00:45:33 Called: https://sdrivesapp.com/api/driver/near/by/ride
2025-09-09 00:45:34 Called: https://sdrivesapp.com/api/rides/active-driver
2025-09-09 00:45:35 Called: https://sdrivesapp.com/api/rides/cancel
2025-09-09 00:45:35 Called: https://sdrivesapp.com/api/captain/rides/accepted
2025-09-09 00:45:36 Called: https://sdrivesapp.com/api/driver/near/by/ride
2025-09-09 00:45:38 Called: https://sdrivesapp.com/api/rides/active-driver
2025-09-09 00:45:38 Called: https://sdrivesapp.com/api/rides/cancel
2025-09-09 00:45:38 Called: https://sdrivesapp.com/api/captain/rides/accepted
2025-09-09 00:45:39 Called: https://sdrivesapp.com/api/driver/near/by/ride
2025-09-09 00:45:41 Called: https://sdrivesapp.com/api/rides/active-driver
2025-09-09 00:45:41 Called: https://sdrivesapp.com/api/rides/cancel
2025-09-09 00:45:41 Called: https://sdrivesapp.com/api/captain/rides/accepted
2025-09-09 00:45:42 Called: https://sdrivesapp.com/api/driver/near/by/ride
2025-09-09 00:45:44 Called: https://sdrivesapp.com/api/rides/active-driver
2025-09-09 00:45:45 Called: https://sdrivesapp.com/api/rides/cancel
2025-09-09 00:45:45 Called: https://sdrivesapp.com/api/captain/rides/accepted
2025-09-09 00:45:45 Called: https://sdrivesapp.com/api/driver/near/by/ride
2025-09-09 00:45:47 Called: https://sdrivesapp.com/api/rides/active-driver
2025-09-09 00:45:48 Called: https://sdrivesapp.com/api/rides/cancel
2025-09-09 00:45:48 Called: https://sdrivesapp.com/api/captain/rides/accepted
2025-09-09 00:45:48 Called: https://sdrivesapp.com/api/driver/near/by/ride
2025-09-09 00:45:50 Called: https://sdrivesapp.com/api/rides/active-driver
2025-09-09 00:45:51 Called: https://sdrivesapp.com/api/rides/cancel
2025-09-09 00:45:51 Called: https://sdrivesapp.com/api/captain/rides/accepted
2025-09-09 00:45:51 Called: https://sdrivesapp.com/api/driver/near/by/ride
2025-09-09 00:45:53 Called: https://sdrivesapp.com/api/rides/active-driver
2025-09-09 00:45:54 Called: https://sdrivesapp.com/api/rides/cancel
2025-09-09 00:45:54 Called: https://sdrivesapp.com/api/captain/rides/accepted
2025-09-09 00:45:54 Called: https://sdrivesapp.com/api/driver/near/by/ride
2025-09-09 00:45:56 Called: https://sdrivesapp.com/api/rides/active-driver
2025-09-09 00:45:57 Called: https://sdrivesapp.com/api/rides/cancel
2025-09-09 00:45:57 Called: https://sdrivesapp.com/api/captain/rides/accepted
2025-09-09 00:45:57 Called: https://sdrivesapp.com/api/driver/near/by/ride
2025-09-09 00:45:59 Called: https://sdrivesapp.com/api/rides/active-driver
2025-09-09 00:46:00 Called: https://sdrivesapp.com/api/rides/cancel
2025-09-09 00:46:00 Called: https://sdrivesapp.com/api/captain/rides/accepted
2025-09-09 00:46:01 Called: https://sdrivesapp.com/api/driver/near/by/ride
2025-09-09 00:46:02 Called: https://sdrivesapp.com/api/rides/active-driver
2025-09-09 00:46:03 Called: https://sdrivesapp.com/api/rides/cancel
2025-09-09 00:46:03 Called: https://sdrivesapp.com/api/captain/rides/accepted
2025-09-09 00:46:04 Called: https://sdrivesapp.com/api/driver/near/by/ride
2025-09-09 00:46:06 Called: https://sdrivesapp.com/api/rides/active-driver
2025-09-09 00:46:06 Called: https://sdrivesapp.com/api/rides/cancel
2025-09-09 00:46:06 Called: https://sdrivesapp.com/api/captain/rides/accepted
2025-09-09 00:46:07 Called: https://sdrivesapp.com/api/driver/near/by/ride
2025-09-09 00:46:09 Called: https://sdrivesapp.com/api/rides/active-driver
2025-09-09 00:46:09 Called: https://sdrivesapp.com/api/rides/cancel
2025-09-09 00:46:09 Called: https://sdrivesapp.com/api/captain/rides/accepted
2025-09-09 00:46:10 Called: https://sdrivesapp.com/api/driver/near/by/ride
2025-09-09 00:46:12 Called: https://sdrivesapp.com/api/rides/active-driver
2025-09-09 00:46:12 Called: https://sdrivesapp.com/api/rides/cancel
2025-09-09 00:46:13 Called: https://sdrivesapp.com/api/captain/rides/accepted
2025-09-09 00:46:13 Called: https://sdrivesapp.com/api/driver/near/by/ride
2025-09-09 00:46:15 Called: https://sdrivesapp.com/api/rides/active-driver
2025-09-09 00:46:16 Called: https://sdrivesapp.com/api/rides/cancel
2025-09-09 00:46:16 Called: https://sdrivesapp.com/api/captain/rides/accepted
2025-09-09 00:46:16 Called: https://sdrivesapp.com/api/driver/near/by/ride
2025-09-09 00:46:18 Called: https://sdrivesapp.com/api/rides/active-driver
2025-09-09 00:46:19 Called: https://sdrivesapp.com/api/rides/cancel
2025-09-09 00:46:19 Called: https://sdrivesapp.com/api/captain/rides/accepted
2025-09-09 00:46:20 Called: https://sdrivesapp.com/api/driver/near/by/ride
2025-09-09 00:46:21 Called: https://sdrivesapp.com/api/rides/active-driver
2025-09-09 00:46:22 Called: https://sdrivesapp.com/api/rides/cancel
2025-09-09 00:46:22 Called: https://sdrivesapp.com/api/captain/rides/accepted
2025-09-09 00:46:23 Called: https://sdrivesapp.com/api/driver/near/by/ride
2025-09-09 00:46:24 Called: https://sdrivesapp.com/api/rides/active-driver
2025-09-09 00:46:25 Called: https://sdrivesapp.com/api/rides/cancel
2025-09-09 00:46:25 Called: https://sdrivesapp.com/api/captain/rides/accepted
2025-09-09 00:46:26 Called: https://sdrivesapp.com/api/driver/near/by/ride
2025-09-09 00:46:28 Called: https://sdrivesapp.com/api/rides/active-driver
2025-09-09 00:46:28 Called: https://sdrivesapp.com/api/rides/cancel
2025-09-09 00:46:28 Called: https://sdrivesapp.com/api/captain/rides/accepted
2025-09-09 00:46:29 Called: https://sdrivesapp.com/api/driver/near/by/ride
2025-09-09 00:46:31 Called: https://sdrivesapp.com/api/rides/active-driver
2025-09-09 00:46:31 Called: https://sdrivesapp.com/api/rides/cancel
2025-09-09 00:46:32 Called: https://sdrivesapp.com/api/captain/rides/accepted
2025-09-09 00:46:32 Called: https://sdrivesapp.com/api/driver/near/by/ride
2025-09-09 00:46:34 Called: https://sdrivesapp.com/api/rides/active-driver
2025-09-09 00:46:35 Called: https://sdrivesapp.com/api/rides/cancel
2025-09-09 00:46:35 Called: https://sdrivesapp.com/api/captain/rides/accepted
2025-09-09 00:46:35 Called: https://sdrivesapp.com/api/driver/near/by/ride
2025-09-09 00:46:37 Called: https://sdrivesapp.com/api/rides/active-driver
2025-09-09 00:46:38 Called: https://sdrivesapp.com/api/rides/cancel
2025-09-09 00:46:38 Called: https://sdrivesapp.com/api/captain/rides/accepted
2025-09-09 00:46:39 Called: https://sdrivesapp.com/api/driver/near/by/ride
2025-09-09 00:46:40 Called: https://sdrivesapp.com/api/rides/active-driver
2025-09-09 00:46:41 Called: https://sdrivesapp.com/api/rides/cancel
2025-09-09 00:46:41 Called: https://sdrivesapp.com/api/captain/rides/accepted
2025-09-09 00:46:42 Called: https://sdrivesapp.com/api/driver/near/by/ride
2025-09-09 00:46:43 Called: https://sdrivesapp.com/api/rides/active-driver
2025-09-09 00:46:44 Called: https://sdrivesapp.com/api/rides/cancel
2025-09-09 00:46:44 Called: https://sdrivesapp.com/api/captain/rides/accepted
2025-09-09 00:46:45 Called: https://sdrivesapp.com/api/driver/near/by/ride
2025-09-09 00:46:47 Called: https://sdrivesapp.com/api/rides/active-driver
2025-09-09 00:46:47 Called: https://sdrivesapp.com/api/rides/cancel
2025-09-09 00:46:47 Called: https://sdrivesapp.com/api/captain/rides/accepted
2025-09-09 00:46:48 Called: https://sdrivesapp.com/api/driver/near/by/ride
2025-09-09 00:46:50 Called: https://sdrivesapp.com/api/rides/active-driver
2025-09-09 00:46:51 Called: https://sdrivesapp.com/api/rides/cancel
2025-09-09 00:46:51 Called: https://sdrivesapp.com/api/captain/rides/accepted
2025-09-09 00:46:51 Called: https://sdrivesapp.com/api/driver/near/by/ride
2025-09-09 00:46:53 Called: https://sdrivesapp.com/api/rides/active-driver
2025-09-09 00:46:54 Called: https://sdrivesapp.com/api/rides/cancel
2025-09-09 00:46:54 Called: https://sdrivesapp.com/api/captain/rides/accepted
2025-09-09 00:46:54 Called: https://sdrivesapp.com/api/driver/near/by/ride
2025-09-09 00:46:56 Called: https://sdrivesapp.com/api/rides/active-driver
2025-09-09 00:46:57 Called: https://sdrivesapp.com/api/rides/cancel
2025-09-09 00:46:57 Called: https://sdrivesapp.com/api/captain/rides/accepted
2025-09-09 00:46:57 Called: https://sdrivesapp.com/api/driver/near/by/ride
2025-09-09 00:46:59 Called: https://sdrivesapp.com/api/rides/active-driver
2025-09-09 00:47:00 Called: https://sdrivesapp.com/api/rides/cancel
2025-09-09 00:47:00 Called: https://sdrivesapp.com/api/captain/rides/accepted
2025-09-09 00:47:01 Called: https://sdrivesapp.com/api/driver/near/by/ride
2025-09-09 00:47:02 Called: https://sdrivesapp.com/api/rides/active-driver
2025-09-09 00:47:03 Called: https://sdrivesapp.com/api/rides/cancel
2025-09-09 00:47:03 Called: https://sdrivesapp.com/api/captain/rides/accepted
2025-09-09 00:47:04 Called: https://sdrivesapp.com/api/driver/near/by/ride
2025-09-09 00:47:06 Called: https://sdrivesapp.com/api/rides/active-driver
2025-09-09 00:47:06 Called: https://sdrivesapp.com/api/rides/cancel
2025-09-09 00:47:06 Called: https://sdrivesapp.com/api/captain/rides/accepted
2025-09-09 00:47:07 Called: https://sdrivesapp.com/api/driver/near/by/ride
2025-09-09 00:47:09 Called: https://sdrivesapp.com/api/rides/active-driver
2025-09-09 00:47:09 Called: https://sdrivesapp.com/api/rides/cancel
2025-09-09 00:47:09 Called: https://sdrivesapp.com/api/captain/rides/accepted
2025-09-09 00:47:10 Called: https://sdrivesapp.com/api/driver/near/by/ride
2025-09-09 00:47:12 Called: https://sdrivesapp.com/api/rides/active-driver
2025-09-09 00:47:13 Called: https://sdrivesapp.com/api/rides/cancel
2025-09-09 00:47:13 Called: https://sdrivesapp.com/api/captain/rides/accepted
2025-09-09 00:47:13 Called: https://sdrivesapp.com/api/driver/near/by/ride
2025-09-09 00:47:15 Called: https://sdrivesapp.com/api/rides/active-driver
2025-09-09 00:47:16 Called: https://sdrivesapp.com/api/rides/cancel
2025-09-09 00:47:16 Called: https://sdrivesapp.com/api/captain/rides/accepted
2025-09-09 00:47:17 Called: https://sdrivesapp.com/api/driver/near/by/ride
2025-09-09 00:47:18 Called: https://sdrivesapp.com/api/rides/active-driver
2025-09-09 00:47:19 Called: https://sdrivesapp.com/api/rides/cancel
2025-09-09 00:47:19 Called: https://sdrivesapp.com/api/captain/rides/accepted
2025-09-09 00:47:20 Called: https://sdrivesapp.com/api/driver/near/by/ride
2025-09-09 00:47:21 Called: https://sdrivesapp.com/api/rides/active-driver
2025-09-09 00:47:22 Called: https://sdrivesapp.com/api/rides/cancel
2025-09-09 00:47:22 Called: https://sdrivesapp.com/api/captain/rides/accepted
2025-09-09 00:47:23 Called: https://sdrivesapp.com/api/driver/near/by/ride
2025-09-09 00:47:24 Called: https://sdrivesapp.com/api/rides/active-driver
2025-09-09 00:47:25 Called: https://sdrivesapp.com/api/rides/cancel
2025-09-09 00:47:25 Called: https://sdrivesapp.com/api/captain/rides/accepted
2025-09-09 00:47:26 Called: https://sdrivesapp.com/api/driver/near/by/ride
2025-09-09 00:47:28 Called: https://sdrivesapp.com/api/rides/active-driver
2025-09-09 00:47:28 Called: https://sdrivesapp.com/api/rides/cancel
2025-09-09 00:47:28 Called: https://sdrivesapp.com/api/captain/rides/accepted
2025-09-09 00:47:29 Called: https://sdrivesapp.com/api/driver/near/by/ride
2025-09-09 00:47:31 Called: https://sdrivesapp.com/api/rides/active-driver
2025-09-09 00:47:31 Called: https://sdrivesapp.com/api/rides/cancel
2025-09-09 00:47:31 Called: https://sdrivesapp.com/api/captain/rides/accepted
2025-09-09 00:47:32 Called: https://sdrivesapp.com/api/driver/near/by/ride
2025-09-09 00:47:34 Called: https://sdrivesapp.com/api/rides/active-driver
2025-09-09 00:47:35 Called: https://sdrivesapp.com/api/rides/cancel
2025-09-09 00:47:35 Called: https://sdrivesapp.com/api/captain/rides/accepted
2025-09-09 00:47:35 Called: https://sdrivesapp.com/api/driver/near/by/ride
2025-09-09 00:47:37 Called: https://sdrivesapp.com/api/rides/active-driver
2025-09-09 00:47:38 Called: https://sdrivesapp.com/api/rides/cancel
2025-09-09 00:47:38 Called: https://sdrivesapp.com/api/captain/rides/accepted
2025-09-09 00:47:38 Called: https://sdrivesapp.com/api/driver/near/by/ride
2025-09-09 00:47:40 Called: https://sdrivesapp.com/api/rides/active-driver
2025-09-09 00:47:41 Called: https://sdrivesapp.com/api/rides/cancel
2025-09-09 00:47:41 Called: https://sdrivesapp.com/api/captain/rides/accepted
2025-09-09 00:47:41 Called: https://sdrivesapp.com/api/driver/near/by/ride
2025-09-09 00:47:43 Called: https://sdrivesapp.com/api/rides/active-driver
2025-09-09 00:47:44 Called: https://sdrivesapp.com/api/rides/cancel
2025-09-09 00:47:44 Called: https://sdrivesapp.com/api/captain/rides/accepted
2025-09-09 00:47:44 Called: https://sdrivesapp.com/api/driver/near/by/ride
2025-09-09 00:47:46 Called: https://sdrivesapp.com/api/rides/active-driver
2025-09-09 00:47:47 Called: https://sdrivesapp.com/api/rides/cancel
2025-09-09 00:47:47 Called: https://sdrivesapp.com/api/captain/rides/accepted
2025-09-09 00:47:47 Called: https://sdrivesapp.com/api/driver/near/by/ride
2025-09-09 00:47:49 Called: https://sdrivesapp.com/api/rides/active-driver
2025-09-09 00:47:50 Called: https://sdrivesapp.com/api/rides/cancel
2025-09-09 00:47:50 Called: https://sdrivesapp.com/api/captain/rides/accepted
2025-09-09 00:47:51 Called: https://sdrivesapp.com/api/driver/near/by/ride
2025-09-09 00:47:52 Called: https://sdrivesapp.com/api/rides/active-driver
2025-09-09 00:47:53 Called: https://sdrivesapp.com/api/rides/cancel
2025-09-09 00:47:53 Called: https://sdrivesapp.com/api/captain/rides/accepted
2025-09-09 00:47:54 Called: https://sdrivesapp.com/api/driver/near/by/ride
2025-09-09 00:47:55 Called: https://sdrivesapp.com/api/rides/active-driver
2025-09-09 00:47:56 Called: https://sdrivesapp.com/api/rides/cancel
2025-09-09 00:47:56 Called: https://sdrivesapp.com/api/captain/rides/accepted
2025-09-09 00:47:57 Called: https://sdrivesapp.com/api/driver/near/by/ride
2025-09-09 00:47:59 Called: https://sdrivesapp.com/api/rides/active-driver
2025-09-09 00:47:59 Called: https://sdrivesapp.com/api/rides/cancel
2025-09-09 00:47:59 Called: https://sdrivesapp.com/api/captain/rides/accepted
2025-09-09 00:48:00 Called: https://sdrivesapp.com/api/driver/near/by/ride
2025-09-09 00:48:02 Called: https://sdrivesapp.com/api/rides/active-driver
2025-09-09 00:48:03 Called: https://sdrivesapp.com/api/rides/cancel
2025-09-09 00:48:03 Called: https://sdrivesapp.com/api/captain/rides/accepted
2025-09-09 00:48:03 Called: https://sdrivesapp.com/api/driver/near/by/ride
2025-09-09 00:48:05 Called: https://sdrivesapp.com/api/rides/active-driver
2025-09-09 00:48:06 Called: https://sdrivesapp.com/api/rides/cancel
2025-09-09 00:48:06 Called: https://sdrivesapp.com/api/captain/rides/accepted
2025-09-09 00:48:07 Called: https://sdrivesapp.com/api/driver/near/by/ride
2025-09-09 00:48:08 Called: https://sdrivesapp.com/api/rides/active-driver
2025-09-09 00:48:09 Called: https://sdrivesapp.com/api/rides/cancel
2025-09-09 00:48:09 Called: https://sdrivesapp.com/api/captain/rides/accepted
2025-09-09 00:48:10 Called: https://sdrivesapp.com/api/driver/near/by/ride
2025-09-09 00:48:11 Called: https://sdrivesapp.com/api/rides/active-driver
2025-09-09 00:48:12 Called: https://sdrivesapp.com/api/rides/cancel
2025-09-09 00:48:12 Called: https://sdrivesapp.com/api/captain/rides/accepted
2025-09-09 00:48:13 Called: https://sdrivesapp.com/api/driver/near/by/ride
2025-09-09 00:48:14 Called: https://sdrivesapp.com/api/rides/active-driver
2025-09-09 00:48:15 Called: https://sdrivesapp.com/api/rides/cancel
2025-09-09 00:48:15 Called: https://sdrivesapp.com/api/captain/rides/accepted
2025-09-09 00:48:16 Called: https://sdrivesapp.com/api/driver/near/by/ride
2025-09-09 00:48:18 Called: https://sdrivesapp.com/api/rides/active-driver
2025-09-09 00:48:18 Called: https://sdrivesapp.com/api/rides/cancel
2025-09-09 00:48:18 Called: https://sdrivesapp.com/api/captain/rides/accepted
2025-09-09 00:48:19 Called: https://sdrivesapp.com/api/driver/near/by/ride
2025-09-09 00:48:21 Called: https://sdrivesapp.com/api/rides/active-driver
2025-09-09 00:48:22 Called: https://sdrivesapp.com/api/rides/cancel
2025-09-09 00:48:22 Called: https://sdrivesapp.com/api/captain/rides/accepted
2025-09-09 00:48:23 Called: https://sdrivesapp.com/api/driver/near/by/ride
2025-09-09 00:48:24 Called: https://sdrivesapp.com/api/rides/active-driver
2025-09-09 00:48:25 Called: https://sdrivesapp.com/api/rides/cancel
2025-09-09 00:48:25 Called: https://sdrivesapp.com/api/captain/rides/accepted
2025-09-09 00:48:26 Called: https://sdrivesapp.com/api/driver/near/by/ride
2025-09-09 00:48:28 Called: https://sdrivesapp.com/api/rides/active-driver
2025-09-09 00:48:28 Called: https://sdrivesapp.com/api/rides/cancel
2025-09-09 00:48:28 Called: https://sdrivesapp.com/api/captain/rides/accepted
2025-09-09 00:48:29 Called: https://sdrivesapp.com/api/driver/near/by/ride
2025-09-09 00:48:31 Called: https://sdrivesapp.com/api/rides/active-driver
2025-09-09 00:48:32 Called: https://sdrivesapp.com/api/rides/cancel
2025-09-09 00:48:32 Called: https://sdrivesapp.com/api/captain/rides/accepted
2025-09-09 00:48:32 Called: https://sdrivesapp.com/api/driver/near/by/ride
2025-09-09 00:48:34 Called: https://sdrivesapp.com/api/rides/active-driver
2025-09-09 00:48:35 Called: https://sdrivesapp.com/api/rides/cancel
2025-09-09 00:48:35 Called: https://sdrivesapp.com/api/captain/rides/accepted
2025-09-09 00:48:35 Called: https://sdrivesapp.com/api/driver/near/by/ride
2025-09-09 00:48:37 Called: https://sdrivesapp.com/api/rides/active-driver
2025-09-09 00:48:38 Called: https://sdrivesapp.com/api/rides/cancel
2025-09-09 00:48:38 Called: https://sdrivesapp.com/api/captain/rides/accepted
2025-09-09 00:48:38 Called: https://sdrivesapp.com/api/driver/near/by/ride
2025-09-09 00:48:40 Called: https://sdrivesapp.com/api/rides/active-driver
2025-09-09 00:48:41 Called: https://sdrivesapp.com/api/rides/cancel
2025-09-09 00:48:41 Called: https://sdrivesapp.com/api/captain/rides/accepted
2025-09-09 00:48:42 Called: https://sdrivesapp.com/api/driver/near/by/ride
2025-09-09 00:48:43 Called: https://sdrivesapp.com/api/rides/active-driver
2025-09-09 00:48:44 Called: https://sdrivesapp.com/api/rides/cancel
2025-09-09 00:48:44 Called: https://sdrivesapp.com/api/captain/rides/accepted
2025-09-09 00:48:45 Called: https://sdrivesapp.com/api/driver/near/by/ride
2025-09-09 00:48:47 Called: https://sdrivesapp.com/api/rides/active-driver
2025-09-09 00:48:47 Called: https://sdrivesapp.com/api/rides/cancel
2025-09-09 00:48:47 Called: https://sdrivesapp.com/api/captain/rides/accepted
2025-09-09 00:48:48 Called: https://sdrivesapp.com/api/driver/near/by/ride
2025-09-09 00:48:50 Called: https://sdrivesapp.com/api/rides/active-driver
2025-09-09 00:48:51 Called: https://sdrivesapp.com/api/rides/cancel
2025-09-09 00:48:51 Called: https://sdrivesapp.com/api/captain/rides/accepted
2025-09-09 00:48:51 Called: https://sdrivesapp.com/api/driver/near/by/ride
2025-09-09 00:48:53 Called: https://sdrivesapp.com/api/rides/active-driver
2025-09-09 00:48:54 Called: https://sdrivesapp.com/api/rides/cancel
2025-09-09 00:48:54 Called: https://sdrivesapp.com/api/captain/rides/accepted
2025-09-09 00:48:54 Called: https://sdrivesapp.com/api/driver/near/by/ride
2025-09-09 00:48:56 Called: https://sdrivesapp.com/api/rides/active-driver
2025-09-09 00:48:57 Called: https://sdrivesapp.com/api/rides/cancel
2025-09-09 00:48:57 Called: https://sdrivesapp.com/api/captain/rides/accepted
2025-09-09 00:48:57 Called: https://sdrivesapp.com/api/driver/near/by/ride
2025-09-09 00:48:59 Called: https://sdrivesapp.com/api/rides/active-driver
2025-09-09 00:49:00 Called: https://sdrivesapp.com/api/rides/cancel
2025-09-09 00:49:00 Called: https://sdrivesapp.com/api/captain/rides/accepted
2025-09-09 00:49:01 Called: https://sdrivesapp.com/api/driver/near/by/ride
2025-09-09 00:49:03 Called: https://sdrivesapp.com/api/rides/active-driver
2025-09-09 00:49:04 Called: https://sdrivesapp.com/api/rides/cancel
2025-09-09 00:49:04 Called: https://sdrivesapp.com/api/captain/rides/accepted
2025-09-09 00:49:05 Called: https://sdrivesapp.com/api/driver/near/by/ride
2025-09-09 00:49:06 Called: https://sdrivesapp.com/api/rides/active-driver
2025-09-09 00:49:07 Called: https://sdrivesapp.com/api/rides/cancel
2025-09-09 00:49:07 Called: https://sdrivesapp.com/api/captain/rides/accepted
2025-09-09 00:49:08 Called: https://sdrivesapp.com/api/driver/near/by/ride
2025-09-09 00:49:10 Called: https://sdrivesapp.com/api/rides/active-driver
2025-09-09 00:49:10 Called: https://sdrivesapp.com/api/rides/cancel
2025-09-09 00:49:11 Called: https://sdrivesapp.com/api/captain/rides/accepted
2025-09-09 00:49:11 Called: https://sdrivesapp.com/api/driver/near/by/ride
2025-09-09 00:49:13 Called: https://sdrivesapp.com/api/rides/active-driver
2025-09-09 00:49:14 Called: https://sdrivesapp.com/api/rides/cancel
2025-09-09 00:49:14 Called: https://sdrivesapp.com/api/captain/rides/accepted
2025-09-09 00:49:15 Called: https://sdrivesapp.com/api/driver/near/by/ride
2025-09-09 00:49:17 Called: https://sdrivesapp.com/api/rides/active-driver
2025-09-09 00:49:17 Called: https://sdrivesapp.com/api/rides/cancel
2025-09-09 00:49:17 Called: https://sdrivesapp.com/api/captain/rides/accepted
2025-09-09 00:49:18 Called: https://sdrivesapp.com/api/driver/near/by/ride
2025-09-09 00:49:20 Called: https://sdrivesapp.com/api/rides/active-driver
2025-09-09 00:49:21 Called: https://sdrivesapp.com/api/rides/cancel
2025-09-09 00:49:21 Called: https://sdrivesapp.com/api/captain/rides/accepted
2025-09-09 00:49:21 Called: https://sdrivesapp.com/api/driver/near/by/ride
2025-09-09 00:49:23 Called: https://sdrivesapp.com/api/rides/active-driver
2025-09-09 00:49:24 Called: https://sdrivesapp.com/api/rides/cancel
2025-09-09 00:49:24 Called: https://sdrivesapp.com/api/captain/rides/accepted
2025-09-09 00:49:25 Called: https://sdrivesapp.com/api/driver/near/by/ride
2025-09-09 00:49:26 Called: https://sdrivesapp.com/api/rides/active-driver
2025-09-09 00:49:27 Called: https://sdrivesapp.com/api/rides/cancel
2025-09-09 00:49:27 Called: https://sdrivesapp.com/api/captain/rides/accepted
2025-09-09 00:49:28 Called: https://sdrivesapp.com/api/driver/near/by/ride
2025-09-09 00:49:30 Called: https://sdrivesapp.com/api/rides/active-driver
2025-09-09 00:49:31 Called: https://sdrivesapp.com/api/rides/cancel
2025-09-09 00:49:31 Called: https://sdrivesapp.com/api/captain/rides/accepted
2025-09-09 00:49:31 Called: https://sdrivesapp.com/api/driver/near/by/ride
2025-09-09 00:49:33 Called: https://sdrivesapp.com/api/rides/active-driver
2025-09-09 00:49:34 Called: https://sdrivesapp.com/api/rides/cancel
2025-09-09 00:49:34 Called: https://sdrivesapp.com/api/captain/rides/accepted
2025-09-09 00:49:35 Called: https://sdrivesapp.com/api/driver/near/by/ride
2025-09-09 00:49:37 Called: https://sdrivesapp.com/api/rides/active-driver
2025-09-09 00:49:37 Called: https://sdrivesapp.com/api/rides/cancel
2025-09-09 00:49:37 Called: https://sdrivesapp.com/api/captain/rides/accepted
2025-09-09 00:49:38 Called: https://sdrivesapp.com/api/driver/near/by/ride
2025-09-09 00:49:40 Called: https://sdrivesapp.com/api/rides/active-driver
2025-09-09 00:49:40 Called: https://sdrivesapp.com/api/rides/cancel
2025-09-09 00:49:40 Called: https://sdrivesapp.com/api/captain/rides/accepted
2025-09-09 00:49:41 Called: https://sdrivesapp.com/api/driver/near/by/ride
2025-09-09 00:49:43 Called: https://sdrivesapp.com/api/rides/active-driver
2025-09-09 00:49:44 Called: https://sdrivesapp.com/api/rides/cancel
2025-09-09 00:49:44 Called: https://sdrivesapp.com/api/captain/rides/accepted
2025-09-09 00:49:44 Called: https://sdrivesapp.com/api/driver/near/by/ride
2025-09-09 00:49:46 Called: https://sdrivesapp.com/api/rides/active-driver
2025-09-09 00:49:47 Called: https://sdrivesapp.com/api/rides/cancel
2025-09-09 00:49:47 Called: https://sdrivesapp.com/api/captain/rides/accepted
2025-09-09 00:49:48 Called: https://sdrivesapp.com/api/driver/near/by/ride
2025-09-09 00:49:49 Called: https://sdrivesapp.com/api/rides/active-driver
2025-09-09 00:49:50 Called: https://sdrivesapp.com/api/rides/cancel
2025-09-09 00:49:50 Called: https://sdrivesapp.com/api/captain/rides/accepted
2025-09-09 00:49:51 Called: https://sdrivesapp.com/api/driver/near/by/ride
2025-09-09 00:49:53 Called: https://sdrivesapp.com/api/rides/active-driver
2025-09-09 00:49:54 Called: https://sdrivesapp.com/api/rides/cancel
2025-09-09 00:49:54 Called: https://sdrivesapp.com/api/captain/rides/accepted
2025-09-09 00:49:55 Called: https://sdrivesapp.com/api/driver/near/by/ride
2025-09-09 00:49:56 Called: https://sdrivesapp.com/api/rides/active-driver
2025-09-09 00:49:57 Called: https://sdrivesapp.com/api/rides/cancel
2025-09-09 00:49:57 Called: https://sdrivesapp.com/api/captain/rides/accepted
2025-09-09 00:49:58 Called: https://sdrivesapp.com/api/driver/near/by/ride
2025-09-09 00:49:59 Called: https://sdrivesapp.com/api/rides/active-driver
2025-09-09 00:50:00 Called: https://sdrivesapp.com/api/rides/cancel
2025-09-09 00:50:00 Called: https://sdrivesapp.com/api/captain/rides/accepted
2025-09-09 00:50:01 Called: https://sdrivesapp.com/api/driver/near/by/ride
2025-09-09 00:50:03 Called: https://sdrivesapp.com/api/rides/active-driver
2025-09-09 00:50:04 Called: https://sdrivesapp.com/api/rides/cancel
2025-09-09 00:50:04 Called: https://sdrivesapp.com/api/captain/rides/accepted
2025-09-09 00:50:05 Called: https://sdrivesapp.com/api/driver/near/by/ride
2025-09-09 00:50:06 Called: https://sdrivesapp.com/api/rides/active-driver
2025-09-09 00:50:07 Called: https://sdrivesapp.com/api/rides/cancel
2025-09-09 00:50:07 Called: https://sdrivesapp.com/api/captain/rides/accepted
2025-09-09 00:50:08 Called: https://sdrivesapp.com/api/driver/near/by/ride
2025-09-09 00:50:10 Called: https://sdrivesapp.com/api/rides/active-driver
2025-09-09 00:50:11 Called: https://sdrivesapp.com/api/rides/cancel
2025-09-09 00:50:11 Called: https://sdrivesapp.com/api/captain/rides/accepted
2025-09-09 00:50:12 Called: https://sdrivesapp.com/api/driver/near/by/ride
2025-09-09 00:50:13 Called: https://sdrivesapp.com/api/rides/active-driver
2025-09-09 00:50:14 Called: https://sdrivesapp.com/api/rides/cancel
2025-09-09 00:50:14 Called: https://sdrivesapp.com/api/captain/rides/accepted
2025-09-09 00:50:15 Called: https://sdrivesapp.com/api/driver/near/by/ride
2025-09-09 00:50:17 Called: https://sdrivesapp.com/api/rides/active-driver
2025-09-09 00:50:18 Called: https://sdrivesapp.com/api/rides/cancel
2025-09-09 00:50:18 Called: https://sdrivesapp.com/api/captain/rides/accepted
2025-09-09 00:50:18 Called: https://sdrivesapp.com/api/driver/near/by/ride
2025-09-09 00:50:20 Called: https://sdrivesapp.com/api/rides/active-driver
2025-09-09 00:50:21 Called: https://sdrivesapp.com/api/rides/cancel
2025-09-09 00:50:21 Called: https://sdrivesapp.com/api/captain/rides/accepted
2025-09-09 00:50:22 Called: https://sdrivesapp.com/api/driver/near/by/ride
2025-09-09 00:50:24 Called: https://sdrivesapp.com/api/rides/active-driver
2025-09-09 00:50:24 Called: https://sdrivesapp.com/api/rides/cancel
2025-09-09 00:50:24 Called: https://sdrivesapp.com/api/captain/rides/accepted
2025-09-09 00:50:25 Called: https://sdrivesapp.com/api/driver/near/by/ride
2025-09-09 00:50:27 Called: https://sdrivesapp.com/api/rides/active-driver
2025-09-09 00:50:28 Called: https://sdrivesapp.com/api/rides/cancel
2025-09-09 00:50:28 Called: https://sdrivesapp.com/api/captain/rides/accepted
2025-09-09 00:50:28 Called: https://sdrivesapp.com/api/driver/near/by/ride
2025-09-09 00:50:30 Called: https://sdrivesapp.com/api/rides/active-driver
2025-09-09 00:50:31 Called: https://sdrivesapp.com/api/rides/cancel
2025-09-09 00:50:31 Called: https://sdrivesapp.com/api/captain/rides/accepted
2025-09-09 00:50:32 Called: https://sdrivesapp.com/api/driver/near/by/ride
2025-09-09 00:50:33 Called: https://sdrivesapp.com/api/rides/active-driver
2025-09-09 00:50:34 Called: https://sdrivesapp.com/api/rides/cancel
2025-09-09 00:50:34 Called: https://sdrivesapp.com/api/captain/rides/accepted
2025-09-09 00:50:35 Called: https://sdrivesapp.com/api/driver/near/by/ride
2025-09-09 00:50:37 Called: https://sdrivesapp.com/api/rides/active-driver
2025-09-09 00:50:38 Called: https://sdrivesapp.com/api/rides/cancel
2025-09-09 00:50:38 Called: https://sdrivesapp.com/api/captain/rides/accepted
2025-09-09 00:50:39 Called: https://sdrivesapp.com/api/driver/near/by/ride
2025-09-09 00:50:40 Called: https://sdrivesapp.com/api/rides/active-driver
2025-09-09 00:50:41 Called: https://sdrivesapp.com/api/rides/cancel
2025-09-09 00:50:41 Called: https://sdrivesapp.com/api/captain/rides/accepted
2025-09-09 00:50:42 Called: https://sdrivesapp.com/api/driver/near/by/ride
2025-09-09 00:50:44 Called: https://sdrivesapp.com/api/rides/active-driver
2025-09-09 00:50:44 Called: https://sdrivesapp.com/api/rides/cancel
2025-09-09 00:50:44 Called: https://sdrivesapp.com/api/captain/rides/accepted
2025-09-09 00:50:45 Called: https://sdrivesapp.com/api/driver/near/by/ride
2025-09-09 00:50:47 Called: https://sdrivesapp.com/api/rides/active-driver
2025-09-09 00:50:48 Called: https://sdrivesapp.com/api/rides/cancel
2025-09-09 00:50:48 Called: https://sdrivesapp.com/api/captain/rides/accepted
2025-09-09 00:50:48 Called: https://sdrivesapp.com/api/driver/near/by/ride
2025-09-09 00:50:50 Called: https://sdrivesapp.com/api/rides/active-driver
2025-09-09 00:50:51 Called: https://sdrivesapp.com/api/rides/cancel
2025-09-09 00:50:51 Called: https://sdrivesapp.com/api/captain/rides/accepted
2025-09-09 00:50:52 Called: https://sdrivesapp.com/api/driver/near/by/ride
2025-09-09 00:50:54 Called: https://sdrivesapp.com/api/rides/active-driver
2025-09-09 00:50:54 Called: https://sdrivesapp.com/api/rides/cancel
2025-09-09 00:50:54 Called: https://sdrivesapp.com/api/captain/rides/accepted
2025-09-09 00:50:55 Called: https://sdrivesapp.com/api/driver/near/by/ride
2025-09-09 00:50:57 Called: https://sdrivesapp.com/api/rides/active-driver
2025-09-09 00:50:58 Called: https://sdrivesapp.com/api/rides/cancel
2025-09-09 00:50:58 Called: https://sdrivesapp.com/api/captain/rides/accepted
2025-09-09 00:50:59 Called: https://sdrivesapp.com/api/driver/near/by/ride
2025-09-09 00:51:01 Called: https://sdrivesapp.com/api/rides/active-driver
2025-09-09 00:51:01 Called: https://sdrivesapp.com/api/rides/cancel
2025-09-09 00:51:01 Called: https://sdrivesapp.com/api/captain/rides/accepted
2025-09-09 00:51:02 Called: https://sdrivesapp.com/api/driver/near/by/ride
2025-09-09 00:51:04 Called: https://sdrivesapp.com/api/rides/active-driver
2025-09-09 00:51:05 Called: https://sdrivesapp.com/api/rides/cancel
2025-09-09 00:51:05 Called: https://sdrivesapp.com/api/captain/rides/accepted
2025-09-09 00:51:06 Called: https://sdrivesapp.com/api/driver/near/by/ride
2025-09-09 00:51:08 Called: https://sdrivesapp.com/api/rides/active-driver
2025-09-09 00:51:09 Called: https://sdrivesapp.com/api/rides/cancel
2025-09-09 00:51:09 Called: https://sdrivesapp.com/api/captain/rides/accepted
2025-09-09 00:51:09 Called: https://sdrivesapp.com/api/driver/near/by/ride
2025-09-09 00:51:11 Called: https://sdrivesapp.com/api/rides/active-driver
2025-09-09 00:51:12 Called: https://sdrivesapp.com/api/rides/cancel
2025-09-09 00:51:12 Called: https://sdrivesapp.com/api/captain/rides/accepted
2025-09-09 00:51:13 Called: https://sdrivesapp.com/api/driver/near/by/ride
2025-09-09 00:51:15 Called: https://sdrivesapp.com/api/rides/active-driver
2025-09-09 00:51:16 Called: https://sdrivesapp.com/api/rides/cancel
2025-09-09 00:51:16 Called: https://sdrivesapp.com/api/captain/rides/accepted
2025-09-09 00:51:16 Called: https://sdrivesapp.com/api/driver/near/by/ride
2025-09-09 00:51:18 Called: https://sdrivesapp.com/api/rides/active-driver
2025-09-09 00:51:19 Called: https://sdrivesapp.com/api/rides/cancel
2025-09-09 00:51:19 Called: https://sdrivesapp.com/api/captain/rides/accepted
2025-09-09 00:51:20 Called: https://sdrivesapp.com/api/driver/near/by/ride
2025-09-09 00:51:22 Called: https://sdrivesapp.com/api/rides/active-driver
2025-09-09 00:51:22 Called: https://sdrivesapp.com/api/rides/cancel
2025-09-09 00:51:22 Called: https://sdrivesapp.com/api/captain/rides/accepted
2025-09-09 00:51:23 Called: https://sdrivesapp.com/api/driver/near/by/ride
2025-09-09 00:51:25 Called: https://sdrivesapp.com/api/rides/active-driver
2025-09-09 00:51:26 Called: https://sdrivesapp.com/api/rides/cancel
2025-09-09 00:51:26 Called: https://sdrivesapp.com/api/captain/rides/accepted
2025-09-09 00:51:26 Called: https://sdrivesapp.com/api/driver/near/by/ride
2025-09-09 00:51:28 Called: https://sdrivesapp.com/api/rides/active-driver
2025-09-09 00:51:29 Called: https://sdrivesapp.com/api/rides/cancel
2025-09-09 00:51:29 Called: https://sdrivesapp.com/api/captain/rides/accepted
2025-09-09 00:51:30 Called: https://sdrivesapp.com/api/driver/near/by/ride
2025-09-09 00:51:32 Called: https://sdrivesapp.com/api/rides/active-driver
2025-09-09 00:51:32 Called: https://sdrivesapp.com/api/rides/cancel
2025-09-09 00:51:32 Called: https://sdrivesapp.com/api/captain/rides/accepted
2025-09-09 00:51:33 Called: https://sdrivesapp.com/api/driver/near/by/ride
2025-09-09 00:51:35 Called: https://sdrivesapp.com/api/rides/active-driver
2025-09-09 00:51:36 Called: https://sdrivesapp.com/api/rides/cancel
2025-09-09 00:51:36 Called: https://sdrivesapp.com/api/captain/rides/accepted
2025-09-09 00:51:36 Called: https://sdrivesapp.com/api/driver/near/by/ride
2025-09-09 00:51:38 Called: https://sdrivesapp.com/api/rides/active-driver
2025-09-09 00:51:39 Called: https://sdrivesapp.com/api/rides/cancel
2025-09-09 00:51:39 Called: https://sdrivesapp.com/api/captain/rides/accepted
2025-09-09 00:51:40 Called: https://sdrivesapp.com/api/driver/near/by/ride
2025-09-09 00:51:41 Called: https://sdrivesapp.com/api/rides/active-driver
2025-09-09 00:51:42 Called: https://sdrivesapp.com/api/rides/cancel
2025-09-09 00:51:42 Called: https://sdrivesapp.com/api/captain/rides/accepted
2025-09-09 00:51:43 Called: https://sdrivesapp.com/api/driver/near/by/ride
2025-09-09 00:51:45 Called: https://sdrivesapp.com/api/rides/active-driver
2025-09-09 00:51:45 Called: https://sdrivesapp.com/api/rides/cancel
2025-09-09 00:51:45 Called: https://sdrivesapp.com/api/captain/rides/accepted
2025-09-09 00:51:46 Called: https://sdrivesapp.com/api/driver/near/by/ride
2025-09-09 00:51:48 Called: https://sdrivesapp.com/api/rides/active-driver
2025-09-09 00:51:48 Called: https://sdrivesapp.com/api/rides/cancel
2025-09-09 00:51:48 Called: https://sdrivesapp.com/api/captain/rides/accepted
2025-09-09 00:51:49 Called: https://sdrivesapp.com/api/driver/near/by/ride
2025-09-09 00:51:51 Called: https://sdrivesapp.com/api/rides/active-driver
2025-09-09 00:51:52 Called: https://sdrivesapp.com/api/rides/cancel
2025-09-09 00:51:52 Called: https://sdrivesapp.com/api/captain/rides/accepted
2025-09-09 00:51:52 Called: https://sdrivesapp.com/api/driver/near/by/ride
2025-09-09 00:51:54 Called: https://sdrivesapp.com/api/rides/active-driver
2025-09-09 00:51:55 Called: https://sdrivesapp.com/api/rides/cancel
2025-09-09 00:51:55 Called: https://sdrivesapp.com/api/captain/rides/accepted
2025-09-09 00:51:56 Called: https://sdrivesapp.com/api/driver/near/by/ride
2025-09-09 00:51:57 Called: https://sdrivesapp.com/api/rides/active-driver
2025-09-09 00:51:58 Called: https://sdrivesapp.com/api/rides/cancel
2025-09-09 00:51:58 Called: https://sdrivesapp.com/api/captain/rides/accepted
2025-09-09 00:51:59 Called: https://sdrivesapp.com/api/driver/near/by/ride
2025-09-09 00:52:01 Called: https://sdrivesapp.com/api/rides/active-driver
